report_date,year,month,Year-Month,family_with_children_shelter
2024-12-31,2024,12,2024-12,182
2024-12-31,2024,12,2024-12,2376
2024-12-31,2024,12,2024-12,1600
2024-12-31,2024,12,2024-12,819
2024-12-31,2024,12,2024-12,0
2024-12-31,2024,12,2024-12,0
2024-12-31,2024,12,2024-12,92
2024-12-31,2024,12,2024-12,355
2024-12-31,2024,12,2024-12,1249
2024-12-31,2024,12,2024-12,2143
2024-12-31,2024,12,2024-12,1081
2024-12-31,2024,12,2024-12,1801
2024-12-31,2024,12,2024-12,569
2024-12-31,2024,12,2024-12,406
2024-12-31,2024,12,2024-12,1550
2024-12-31,2024,12,2024-12,543
2024-12-31,2024,12,2024-12,0
2024-12-31,2024,12,2024-12,803
2024-12-31,2024,12,2024-12,1213
2024-12-31,2024,12,2024-12,0
2024-12-31,2024,12,2024-12,67
2024-12-31,2024,12,2024-12,415
2024-12-31,2024,12,2024-12,838
2024-12-31,2024,12,2024-12,458
2024-12-31,2024,12,2024-12,520
2024-12-31,2024,12,2024-12,389
2024-12-31,2024,12,2024-12,400
2024-12-31,2024,12,2024-12,348
2024-12-31,2024,12,2024-12,0
2024-12-31,2024,12,2024-12,0
2024-12-31,2024,12,2024-12,743
2024-12-31,2024,12,2024-12,0
2024-12-31,2024,12,2024-12,0
2024-12-31,2024,12,2024-12,985
2024-12-31,2024,12,2024-12,534
2024-12-31,2024,12,2024-12,348
2024-12-31,2024,12,2024-12,0
2024-12-31,2024,12,2024-12,673
2024-12-31,2024,12,2024-12,616
2024-12-31,2024,12,2024-12,529
2024-12-31,2024,12,2024-12,0
2024-12-31,2024,12,2024-12,313
2024-12-31,2024,12,2024-12,280
2024-12-31,2024,12,2024-12,739
2024-12-31,2024,12,2024-12,487
2024-12-31,2024,12,2024-12,232
2024-12-31,2024,12,2024-12,145
2024-12-31,2024,12,2024-12,0
2024-12-31,2024,12,2024-12,301
2024-12-31,2024,12,2024-12,0
2024-12-31,2024,12,2024-12,0
2024-12-31,2024,12,2024-12,0
2024-12-31,2024,12,2024-12,1368
2024-12-31,2024,12,2024-12,765
2024-12-31,2024,12,2024-12,157
2024-12-31,2024,12,2024-12,532
2024-12-31,2024,12,2024-12,0
2024-12-31,2024,12,2024-12,134
2024-12-31,2024,12,2024-12,417
2024-12-31,2024,12,2024-12,90
2024-11-30,2024,11,2024-11,1243
2024-11-30,2024,11,2024-11,0
2024-11-30,2024,11,2024-11,790
2024-11-30,2024,11,2024-11,1278
2024-11-30,2024,11,2024-11,2133
2024-11-30,2024,11,2024-11,1099
2024-11-30,2024,11,2024-11,1828
2024-11-30,2024,11,2024-11,569
2024-11-30,2024,11,2024-11,421
2024-11-30,2024,11,2024-11,1528
2024-11-30,2024,11,2024-11,557
2024-11-30,2024,11,2024-11,0
2024-11-30,2024,11,2024-11,802
2024-11-30,2024,11,2024-11,0
2024-11-30,2024,11,2024-11,74
2024-11-30,2024,11,2024-11,433
2024-11-30,2024,11,2024-11,848
2024-11-30,2024,11,2024-11,494
2024-11-30,2024,11,2024-11,517
2024-11-30,2024,11,2024-11,378
2024-11-30,2024,11,2024-11,355
2024-11-30,2024,11,2024-11,326
2024-11-30,2024,11,2024-11,0
2024-11-30,2024,11,2024-11,0
2024-11-30,2024,11,2024-11,138
2024-11-30,2024,11,2024-11,411
2024-11-30,2024,11,2024-11,88
2024-11-30,2024,11,2024-11,187
2024-11-30,2024,11,2024-11,2402
2024-11-30,2024,11,2024-11,1616
2024-11-30,2024,11,2024-11,857
2024-11-30,2024,11,2024-11,0
2024-11-30,2024,11,2024-11,0
2024-11-30,2024,11,2024-11,107
2024-11-30,2024,11,2024-11,382
2024-11-30,2024,11,2024-11,982
2024-11-30,2024,11,2024-11,487
2024-11-30,2024,11,2024-11,344
2024-11-30,2024,11,2024-11,0
2024-11-30,2024,11,2024-11,684
2024-11-30,2024,11,2024-11,618
2024-11-30,2024,11,2024-11,537
2024-11-30,2024,11,2024-11,0
2024-11-30,2024,11,2024-11,320
2024-11-30,2024,11,2024-11,278
2024-11-30,2024,11,2024-11,749
2024-11-30,2024,11,2024-11,508
2024-11-30,2024,11,2024-11,224
2024-11-30,2024,11,2024-11,86
2024-11-30,2024,11,2024-11,0
2024-11-30,2024,11,2024-11,297
2024-11-30,2024,11,2024-11,0
2024-11-30,2024,11,2024-11,0
2024-11-30,2024,11,2024-11,0
2024-11-30,2024,11,2024-11,1396
2024-11-30,2024,11,2024-11,802
2024-11-30,2024,11,2024-11,165
2024-11-30,2024,11,2024-11,552
2024-11-30,2024,11,2024-11,0
2024-11-30,2024,11,2024-11,0
2024-10-31,2024,10,2024-10,0
2024-10-31,2024,10,2024-10,552
2024-10-31,2024,10,2024-10,0
2024-10-31,2024,10,2024-10,0
2024-10-31,2024,10,2024-10,0
2024-10-31,2024,10,2024-10,1241
2024-10-31,2024,10,2024-10,1377
2024-10-31,2024,10,2024-10,854
2024-10-31,2024,10,2024-10,149
2024-10-31,2024,10,2024-10,780
2024-10-31,2024,10,2024-10,1285
2024-10-31,2024,10,2024-10,2222
2024-10-31,2024,10,2024-10,1398
2024-10-31,2024,10,2024-10,2015
2024-10-31,2024,10,2024-10,433
2024-10-31,2024,10,2024-10,394
2024-10-31,2024,10,2024-10,1535
2024-10-31,2024,10,2024-10,566
2024-10-31,2024,10,2024-10,0
2024-10-31,2024,10,2024-10,805
2024-10-31,2024,10,2024-10,0
2024-10-31,2024,10,2024-10,75
2024-10-31,2024,10,2024-10,429
2024-10-31,2024,10,2024-10,831
2024-10-31,2024,10,2024-10,513
2024-10-31,2024,10,2024-10,559
2024-10-31,2024,10,2024-10,387
2024-10-31,2024,10,2024-10,374
2024-10-31,2024,10,2024-10,330
2024-10-31,2024,10,2024-10,0
2024-10-31,2024,10,2024-10,0
2024-10-31,2024,10,2024-10,142
2024-10-31,2024,10,2024-10,424
2024-10-31,2024,10,2024-10,90
2024-10-31,2024,10,2024-10,194
2024-10-31,2024,10,2024-10,2397
2024-10-31,2024,10,2024-10,1640
2024-10-31,2024,10,2024-10,801
2024-10-31,2024,10,2024-10,0
2024-10-31,2024,10,2024-10,0
2024-10-31,2024,10,2024-10,99
2024-10-31,2024,10,2024-10,384
2024-10-31,2024,10,2024-10,977
2024-10-31,2024,10,2024-10,512
2024-10-31,2024,10,2024-10,356
2024-10-31,2024,10,2024-10,0
2024-10-31,2024,10,2024-10,692
2024-10-31,2024,10,2024-10,581
2024-10-31,2024,10,2024-10,529
2024-10-31,2024,10,2024-10,0
2024-10-31,2024,10,2024-10,319
2024-10-31,2024,10,2024-10,281
2024-10-31,2024,10,2024-10,763
2024-10-31,2024,10,2024-10,524
2024-10-31,2024,10,2024-10,246
2024-10-31,2024,10,2024-10,0
2024-10-31,2024,10,2024-10,0
2024-10-31,2024,10,2024-10,282
2024-10-31,2024,10,2024-10,0
2024-10-31,2024,10,2024-10,0
2024-09-30,2024,9,2024-09,167
2024-09-30,2024,9,2024-09,691
2024-09-30,2024,9,2024-09,348
2024-09-30,2024,9,2024-09,563
2024-09-30,2024,9,2024-09,1003
2024-09-30,2024,9,2024-09,387
2024-09-30,2024,9,2024-09,107
2024-09-30,2024,9,2024-09,0
2024-09-30,2024,9,2024-09,0
2024-09-30,2024,9,2024-09,828
2024-09-30,2024,9,2024-09,1590
2024-09-30,2024,9,2024-09,2420
2024-09-30,2024,9,2024-09,196
2024-09-30,2024,9,2024-09,88
2024-09-30,2024,9,2024-09,407
2024-09-30,2024,9,2024-09,135
2024-09-30,2024,9,2024-09,0
2024-09-30,2024,9,2024-09,0
2024-09-30,2024,9,2024-09,346
2024-09-30,2024,9,2024-09,388
2024-09-30,2024,9,2024-09,349
2024-09-30,2024,9,2024-09,578
2024-09-30,2024,9,2024-09,504
2024-09-30,2024,9,2024-09,777
2024-09-30,2024,9,2024-09,439
2024-09-30,2024,9,2024-09,74
2024-09-30,2024,9,2024-09,0
2024-09-30,2024,9,2024-09,810
2024-09-30,2024,9,2024-09,0
2024-09-30,2024,9,2024-09,566
2024-09-30,2024,9,2024-09,1518
2024-09-30,2024,9,2024-09,380
2024-09-30,2024,9,2024-09,408
2024-09-30,2024,9,2024-09,1948
2024-09-30,2024,9,2024-09,1468
2024-09-30,2024,9,2024-09,2169
2024-09-30,2024,9,2024-09,1269
2024-09-30,2024,9,2024-09,802
2024-09-30,2024,9,2024-09,1231
2024-09-30,2024,9,2024-09,0
2024-09-30,2024,9,2024-09,582
2024-09-30,2024,9,2024-09,557
2024-09-30,2024,9,2024-09,0
2024-09-30,2024,9,2024-09,362
2024-09-30,2024,9,2024-09,296
2024-09-30,2024,9,2024-09,787
2024-09-30,2024,9,2024-09,542
2024-09-30,2024,9,2024-09,234
2024-09-30,2024,9,2024-09,0
2024-09-30,2024,9,2024-09,0
2024-09-30,2024,9,2024-09,278
2024-09-30,2024,9,2024-09,0
2024-09-30,2024,9,2024-09,491
2024-09-30,2024,9,2024-09,0
2024-09-30,2024,9,2024-09,0
2024-09-30,2024,9,2024-09,0
2024-09-30,2024,9,2024-09,0
2024-09-30,2024,9,2024-09,1389
2024-09-30,2024,9,2024-09,0
2024-09-30,2024,9,2024-09,836
2024-08-31,2024,8,2024-08,331
2024-08-31,2024,8,2024-08,0
2024-08-31,2024,8,2024-08,0
2024-08-31,2024,8,2024-08,709
2024-08-31,2024,8,2024-08,622
2024-08-31,2024,8,2024-08,551
2024-08-31,2024,8,2024-08,0
2024-08-31,2024,8,2024-08,356
2024-08-31,2024,8,2024-08,291
2024-08-31,2024,8,2024-08,744
2024-08-31,2024,8,2024-08,517
2024-08-31,2024,8,2024-08,242
2024-08-31,2024,8,2024-08,0
2024-08-31,2024,8,2024-08,0
2024-08-31,2024,8,2024-08,290
2024-08-31,2024,8,2024-08,0
2024-08-31,2024,8,2024-08,0
2024-08-31,2024,8,2024-08,0
2024-08-31,2024,8,2024-08,1403
2024-08-31,2024,8,2024-08,876
2024-08-31,2024,8,2024-08,166
2024-08-31,2024,8,2024-08,443
2024-08-31,2024,8,2024-08,0
2024-08-31,2024,8,2024-08,1047
2024-08-31,2024,8,2024-08,381
2024-08-31,2024,8,2024-08,111
2024-08-31,2024,8,2024-08,0
2024-08-31,2024,8,2024-08,0
2024-08-31,2024,8,2024-08,860
2024-08-31,2024,8,2024-08,1590
2024-08-31,2024,8,2024-08,2370
2024-08-31,2024,8,2024-08,189
2024-08-31,2024,8,2024-08,92
2024-08-31,2024,8,2024-08,363
2024-08-31,2024,8,2024-08,129
2024-08-31,2024,8,2024-08,0
2024-08-31,2024,8,2024-08,0
2024-08-31,2024,8,2024-08,344
2024-08-31,2024,8,2024-08,384
2024-08-31,2024,8,2024-08,363
2024-08-31,2024,8,2024-08,571
2024-08-31,2024,8,2024-08,524
2024-08-31,2024,8,2024-08,767
2024-08-31,2024,8,2024-08,407
2024-08-31,2024,8,2024-08,75
2024-08-31,2024,8,2024-08,0
2024-08-31,2024,8,2024-08,769
2024-08-31,2024,8,2024-08,0
2024-08-31,2024,8,2024-08,540
2024-08-31,2024,8,2024-08,1568
2024-08-31,2024,8,2024-08,183
2024-08-31,2024,8,2024-08,418
2024-08-31,2024,8,2024-08,1986
2024-08-31,2024,8,2024-08,1562
2024-08-31,2024,8,2024-08,2122
2024-08-31,2024,8,2024-08,1356
2024-08-31,2024,8,2024-08,760
2024-08-31,2024,8,2024-08,1238
2024-08-31,2024,8,2024-08,584
2024-08-31,2024,8,2024-08,0
2024-07-31,2024,7,2024-07,0
2024-07-31,2024,7,2024-07,793
2024-07-31,2024,7,2024-07,169
2024-07-31,2024,7,2024-07,390
2024-07-31,2024,7,2024-07,0
2024-07-31,2024,7,2024-07,0
2024-07-31,2024,7,2024-07,0
2024-07-31,2024,7,2024-07,0
2024-07-31,2024,7,2024-07,1348
2024-07-31,2024,7,2024-07,0
2024-07-31,2024,7,2024-07,1215
2024-07-31,2024,7,2024-07,752
2024-07-31,2024,7,2024-07,1292
2024-07-31,2024,7,2024-07,2124
2024-07-31,2024,7,2024-07,1559
2024-07-31,2024,7,2024-07,2014
2024-07-31,2024,7,2024-07,434
2024-07-31,2024,7,2024-07,180
2024-07-31,2024,7,2024-07,1548
2024-07-31,2024,7,2024-07,561
2024-07-31,2024,7,2024-07,0
2024-07-31,2024,7,2024-07,655
2024-07-31,2024,7,2024-07,0
2024-07-31,2024,7,2024-07,71
2024-07-31,2024,7,2024-07,418
2024-07-31,2024,7,2024-07,782
2024-07-31,2024,7,2024-07,516
2024-07-31,2024,7,2024-07,571
2024-07-31,2024,7,2024-07,332
2024-07-31,2024,7,2024-07,355
2024-07-31,2024,7,2024-07,348
2024-07-31,2024,7,2024-07,0
2024-07-31,2024,7,2024-07,0
2024-07-31,2024,7,2024-07,141
2024-07-31,2024,7,2024-07,363
2024-07-31,2024,7,2024-07,91
2024-07-31,2024,7,2024-07,204
2024-07-31,2024,7,2024-07,2314
2024-07-31,2024,7,2024-07,1596
2024-07-31,2024,7,2024-07,843
2024-07-31,2024,7,2024-07,0
2024-07-31,2024,7,2024-07,0
2024-07-31,2024,7,2024-07,110
2024-07-31,2024,7,2024-07,360
2024-07-31,2024,7,2024-07,1014
2024-07-31,2024,7,2024-07,561
2024-07-31,2024,7,2024-07,346
2024-07-31,2024,7,2024-07,0
2024-07-31,2024,7,2024-07,694
2024-07-31,2024,7,2024-07,592
2024-07-31,2024,7,2024-07,534
2024-07-31,2024,7,2024-07,0
2024-07-31,2024,7,2024-07,344
2024-07-31,2024,7,2024-07,297
2024-07-31,2024,7,2024-07,730
2024-07-31,2024,7,2024-07,510
2024-07-31,2024,7,2024-07,240
2024-07-31,2024,7,2024-07,0
2024-07-31,2024,7,2024-07,0
2024-07-31,2024,7,2024-07,282
2024-06-30,2024,6,2024-06,190
2024-06-30,2024,6,2024-06,842
2024-06-30,2024,6,2024-06,1237
2024-06-30,2024,6,2024-06,0
2024-06-30,2024,6,2024-06,0
2024-06-30,2024,6,2024-06,339
2024-06-30,2024,6,2024-06,167
2024-06-30,2024,6,2024-06,803
2024-06-30,2024,6,2024-06,1333
2024-06-30,2024,6,2024-06,0
2024-06-30,2024,6,2024-06,0
2024-06-30,2024,6,2024-06,0
2024-06-30,2024,6,2024-06,276
2024-06-30,2024,6,2024-06,0
2024-06-30,2024,6,2024-06,0
2024-06-30,2024,6,2024-06,246
2024-06-30,2024,6,2024-06,514
2024-06-30,2024,6,2024-06,743
2024-06-30,2024,6,2024-06,292
2024-06-30,2024,6,2024-06,352
2024-06-30,2024,6,2024-06,0
2024-06-30,2024,6,2024-06,502
2024-06-30,2024,6,2024-06,588
2024-06-30,2024,6,2024-06,690
2024-06-30,2024,6,2024-06,0
2024-06-30,2024,6,2024-06,334
2024-06-30,2024,6,2024-06,512
2024-06-30,2024,6,2024-06,1019
2024-06-30,2024,6,2024-06,354
2024-06-30,2024,6,2024-06,101
2024-06-30,2024,6,2024-06,0
2024-06-30,2024,6,2024-06,0
2024-06-30,2024,6,2024-06,1584
2024-06-30,2024,6,2024-06,2341
2024-06-30,2024,6,2024-06,191
2024-06-30,2024,6,2024-06,89
2024-06-30,2024,6,2024-06,377
2024-06-30,2024,6,2024-06,130
2024-06-30,2024,6,2024-06,0
2024-06-30,2024,6,2024-06,751
2024-06-30,2024,6,2024-06,0
2024-06-30,2024,6,2024-06,318
2024-06-30,2024,6,2024-06,326
2024-06-30,2024,6,2024-06,329
2024-06-30,2024,6,2024-06,545
2024-06-30,2024,6,2024-06,501
2024-06-30,2024,6,2024-06,787
2024-06-30,2024,6,2024-06,421
2024-06-30,2024,6,2024-06,66
2024-06-30,2024,6,2024-06,0
2024-06-30,2024,6,2024-06,528
2024-06-30,2024,6,2024-06,0
2024-06-30,2024,6,2024-06,439
2024-06-30,2024,6,2024-06,2008
2024-06-30,2024,6,2024-06,525
2024-06-30,2024,6,2024-06,1567
2024-06-30,2024,6,2024-06,2115
2024-06-30,2024,6,2024-06,1335
2024-06-30,2024,6,2024-06,0
2024-06-30,2024,6,2024-06,1532
2024-05-31,2024,5,2024-05,0
2024-05-31,2024,5,2024-05,1237
2024-05-31,2024,5,2024-05,1289
2024-05-31,2024,5,2024-05,2120
2024-05-31,2024,5,2024-05,1845
2024-05-31,2024,5,2024-05,1962
2024-05-31,2024,5,2024-05,439
2024-05-31,2024,5,2024-05,185
2024-05-31,2024,5,2024-05,1366
2024-05-31,2024,5,2024-05,525
2024-05-31,2024,5,2024-05,0
2024-05-31,2024,5,2024-05,532
2024-05-31,2024,5,2024-05,0
2024-05-31,2024,5,2024-05,67
2024-05-31,2024,5,2024-05,437
2024-05-31,2024,5,2024-05,784
2024-05-31,2024,5,2024-05,473
2024-05-31,2024,5,2024-05,509
2024-05-31,2024,5,2024-05,330
2024-05-31,2024,5,2024-05,310
2024-05-31,2024,5,2024-05,324
2024-05-31,2024,5,2024-05,0
2024-05-31,2024,5,2024-05,0
2024-05-31,2024,5,2024-05,127
2024-05-31,2024,5,2024-05,365
2024-05-31,2024,5,2024-05,77
2024-05-31,2024,5,2024-05,468
2024-05-31,2024,5,2024-05,2250
2024-05-31,2024,5,2024-05,1546
2024-05-31,2024,5,2024-05,1001
2024-05-31,2024,5,2024-05,0
2024-05-31,2024,5,2024-05,0
2024-05-31,2024,5,2024-05,106
2024-05-31,2024,5,2024-05,357
2024-05-31,2024,5,2024-05,1028
2024-05-31,2024,5,2024-05,503
2024-05-31,2024,5,2024-05,330
2024-05-31,2024,5,2024-05,680
2024-05-31,2024,5,2024-05,589
2024-05-31,2024,5,2024-05,501
2024-05-31,2024,5,2024-05,0
2024-05-31,2024,5,2024-05,665
2024-05-31,2024,5,2024-05,268
2024-05-31,2024,5,2024-05,760
2024-05-31,2024,5,2024-05,507
2024-05-31,2024,5,2024-05,227
2024-05-31,2024,5,2024-05,0
2024-05-31,2024,5,2024-05,0
2024-05-31,2024,5,2024-05,298
2024-05-31,2024,5,2024-05,0
2024-05-31,2024,5,2024-05,0
2024-05-31,2024,5,2024-05,0
2024-05-31,2024,5,2024-05,2149
2024-05-31,2024,5,2024-05,801
2024-05-31,2024,5,2024-05,174
2024-05-31,2024,5,2024-05,327
2024-05-31,2024,5,2024-05,0
2024-05-31,2024,5,2024-05,0
2024-05-31,2024,5,2024-05,0
2024-05-31,2024,5,2024-05,789
2024-04-30,2024,4,2024-04,0
2024-04-30,2024,4,2024-04,0
2024-04-30,2024,4,2024-04,2199
2024-04-30,2024,4,2024-04,817
2024-04-30,2024,4,2024-04,164
2024-04-30,2024,4,2024-04,316
2024-04-30,2024,4,2024-04,0
2024-04-30,2024,4,2024-04,0
2024-04-30,2024,4,2024-04,0
2024-04-30,2024,4,2024-04,135
2024-04-30,2024,4,2024-04,1239
2024-04-30,2024,4,2024-04,795
2024-04-30,2024,4,2024-04,1275
2024-04-30,2024,4,2024-04,2134
2024-04-30,2024,4,2024-04,1856
2024-04-30,2024,4,2024-04,1988
2024-04-30,2024,4,2024-04,438
2024-04-30,2024,4,2024-04,203
2024-04-30,2024,4,2024-04,1279
2024-04-30,2024,4,2024-04,533
2024-04-30,2024,4,2024-04,0
2024-04-30,2024,4,2024-04,556
2024-04-30,2024,4,2024-04,0
2024-04-30,2024,4,2024-04,72
2024-04-30,2024,4,2024-04,439
2024-04-30,2024,4,2024-04,801
2024-04-30,2024,4,2024-04,513
2024-04-30,2024,4,2024-04,519
2024-04-30,2024,4,2024-04,331
2024-04-30,2024,4,2024-04,313
2024-04-30,2024,4,2024-04,341
2024-04-30,2024,4,2024-04,0
2024-04-30,2024,4,2024-04,0
2024-04-30,2024,4,2024-04,396
2024-04-30,2024,4,2024-04,74
2024-04-30,2024,4,2024-04,471
2024-04-30,2024,4,2024-04,2331
2024-04-30,2024,4,2024-04,1564
2024-04-30,2024,4,2024-04,1005
2024-04-30,2024,4,2024-04,0
2024-04-30,2024,4,2024-04,0
2024-04-30,2024,4,2024-04,99
2024-04-30,2024,4,2024-04,357
2024-04-30,2024,4,2024-04,1035
2024-04-30,2024,4,2024-04,532
2024-04-30,2024,4,2024-04,347
2024-04-30,2024,4,2024-04,0
2024-04-30,2024,4,2024-04,707
2024-04-30,2024,4,2024-04,578
2024-04-30,2024,4,2024-04,508
2024-04-30,2024,4,2024-04,0
2024-04-30,2024,4,2024-04,709
2024-04-30,2024,4,2024-04,300
2024-04-30,2024,4,2024-04,790
2024-04-30,2024,4,2024-04,541
2024-04-30,2024,4,2024-04,228
2024-04-30,2024,4,2024-04,0
2024-04-30,2024,4,2024-04,0
2024-04-30,2024,4,2024-04,294
2024-04-30,2024,4,2024-04,0
2024-03-31,2024,3,2024-03,0
2024-03-31,2024,3,2024-03,837
2024-03-31,2024,3,2024-03,172
2024-03-31,2024,3,2024-03,286
2024-03-31,2024,3,2024-03,0
2024-03-31,2024,3,2024-03,0
2024-03-31,2024,3,2024-03,0
2024-03-31,2024,3,2024-03,1336
2024-03-31,2024,3,2024-03,1206
2024-03-31,2024,3,2024-03,0
2024-03-31,2024,3,2024-03,0
2024-03-31,2024,3,2024-03,0
2024-03-31,2024,3,2024-03,304
2024-03-31,2024,3,2024-03,0
2024-03-31,2024,3,2024-03,0
2024-03-31,2024,3,2024-03,834
2024-03-31,2024,3,2024-03,255
2024-03-31,2024,3,2024-03,521
2024-03-31,2024,3,2024-03,821
2024-03-31,2024,3,2024-03,288
2024-03-31,2024,3,2024-03,727
2024-03-31,2024,3,2024-03,0
2024-03-31,2024,3,2024-03,512
2024-03-31,2024,3,2024-03,569
2024-03-31,2024,3,2024-03,747
2024-03-31,2024,3,2024-03,0
2024-03-31,2024,3,2024-03,526
2024-03-31,2024,3,2024-03,507
2024-03-31,2024,3,2024-03,1006
2024-03-31,2024,3,2024-03,368
2024-03-31,2024,3,2024-03,105
2024-03-31,2024,3,2024-03,0
2024-03-31,2024,3,2024-03,0
2024-03-31,2024,3,2024-03,1005
2024-03-31,2024,3,2024-03,1565
2024-03-31,2024,3,2024-03,2365
2024-03-31,2024,3,2024-03,469
2024-03-31,2024,3,2024-03,84
2024-03-31,2024,3,2024-03,405
2024-03-31,2024,3,2024-03,132
2024-03-31,2024,3,2024-03,0
2024-03-31,2024,3,2024-03,0
2024-03-31,2024,3,2024-03,361
2024-03-31,2024,3,2024-03,314
2024-03-31,2024,3,2024-03,333
2024-03-31,2024,3,2024-03,528
2024-03-31,2024,3,2024-03,516
2024-03-31,2024,3,2024-03,794
2024-03-31,2024,3,2024-03,424
2024-03-31,2024,3,2024-03,69
2024-03-31,2024,3,2024-03,0
2024-03-31,2024,3,2024-03,559
2024-03-31,2024,3,2024-03,2245
2024-03-31,2024,3,2024-03,536
2024-03-31,2024,3,2024-03,1173
2024-03-31,2024,3,2024-03,213
2024-03-31,2024,3,2024-03,441
2024-03-31,2024,3,2024-03,1985
2024-03-31,2024,3,2024-03,1833
2024-03-31,2024,3,2024-03,2149
2024-02-29,2024,2,2024-02,0
2024-02-29,2024,2,2024-02,0
2024-02-29,2024,2,2024-02,0
2024-02-29,2024,2,2024-02,285
2024-02-29,2024,2,2024-02,176
2024-02-29,2024,2,2024-02,847
2024-02-29,2024,2,2024-02,2246
2024-02-29,2024,2,2024-02,0
2024-02-29,2024,2,2024-02,0
2024-02-29,2024,2,2024-02,0
2024-02-29,2024,2,2024-02,313
2024-02-29,2024,2,2024-02,0
2024-02-29,2024,2,2024-02,0
2024-02-29,2024,2,2024-02,259
2024-02-29,2024,2,2024-02,857
2024-02-29,2024,2,2024-02,312
2024-02-29,2024,2,2024-02,725
2024-02-29,2024,2,2024-02,0
2024-02-29,2024,2,2024-02,509
2024-02-29,2024,2,2024-02,565
2024-02-29,2024,2,2024-02,737
2024-02-29,2024,2,2024-02,0
2024-02-29,2024,2,2024-02,532
2024-02-29,2024,2,2024-02,449
2024-02-29,2024,2,2024-02,1014
2024-02-29,2024,2,2024-02,379
2024-02-29,2024,2,2024-02,110
2024-02-29,2024,2,2024-02,0
2024-02-29,2024,2,2024-02,0
2024-02-29,2024,2,2024-02,1015
2024-02-29,2024,2,2024-02,1547
2024-02-29,2024,2,2024-02,2455
2024-02-29,2024,2,2024-02,499
2024-02-29,2024,2,2024-02,88
2024-02-29,2024,2,2024-02,429
2024-02-29,2024,2,2024-02,142
2024-02-29,2024,2,2024-02,0
2024-02-29,2024,2,2024-02,0
2024-02-29,2024,2,2024-02,358
2024-02-29,2024,2,2024-02,337
2024-02-29,2024,2,2024-02,350
2024-02-29,2024,2,2024-02,537
2024-02-29,2024,2,2024-02,522
2024-02-29,2024,2,2024-02,777
2024-02-29,2024,2,2024-02,416
2024-02-29,2024,2,2024-02,75
2024-02-29,2024,2,2024-02,0
2024-02-29,2024,2,2024-02,567
2024-02-29,2024,2,2024-02,0
2024-02-29,2024,2,2024-02,500
2024-02-29,2024,2,2024-02,1166
2024-02-29,2024,2,2024-02,204
2024-02-29,2024,2,2024-02,457
2024-02-29,2024,2,2024-02,2034
2024-02-29,2024,2,2024-02,1845
2024-02-29,2024,2,2024-02,2167
2024-02-29,2024,2,2024-02,1383
2024-02-29,2024,2,2024-02,835
2024-02-29,2024,2,2024-02,1245
2024-02-29,2024,2,2024-02,525
2024-01-31,2024,1,2024-01,430
2024-01-31,2024,1,2024-01,744
2024-01-31,2024,1,2024-01,1268
2024-01-31,2024,1,2024-01,848
2024-01-31,2024,1,2024-01,1342
2024-01-31,2024,1,2024-01,2169
2024-01-31,2024,1,2024-01,1883
2024-01-31,2024,1,2024-01,2080
2024-01-31,2024,1,2024-01,451
2024-01-31,2024,1,2024-01,200
2024-01-31,2024,1,2024-01,1166
2024-01-31,2024,1,2024-01,566
2024-01-31,2024,1,2024-01,0
2024-01-31,2024,1,2024-01,545
2024-01-31,2024,1,2024-01,0
2024-01-31,2024,1,2024-01,68
2024-01-31,2024,1,2024-01,390
2024-01-31,2024,1,2024-01,812
2024-01-31,2024,1,2024-01,537
2024-01-31,2024,1,2024-01,560
2024-01-31,2024,1,2024-01,348
2024-01-31,2024,1,2024-01,351
2024-01-31,2024,1,2024-01,357
2024-01-31,2024,1,2024-01,0
2024-01-31,2024,1,2024-01,0
2024-01-31,2024,1,2024-01,144
2024-01-31,2024,1,2024-01,86
2024-01-31,2024,1,2024-01,499
2024-01-31,2024,1,2024-01,2394
2024-01-31,2024,1,2024-01,1564
2024-01-31,2024,1,2024-01,989
2024-01-31,2024,1,2024-01,0
2024-01-31,2024,1,2024-01,0
2024-01-31,2024,1,2024-01,110
2024-01-31,2024,1,2024-01,389
2024-01-31,2024,1,2024-01,1035
2024-01-31,2024,1,2024-01,407
2024-01-31,2024,1,2024-01,536
2024-01-31,2024,1,2024-01,0
2024-01-31,2024,1,2024-01,581
2024-01-31,2024,1,2024-01,526
2024-01-31,2024,1,2024-01,0
2024-01-31,2024,1,2024-01,739
2024-01-31,2024,1,2024-01,303
2024-01-31,2024,1,2024-01,850
2024-01-31,2024,1,2024-01,536
2024-01-31,2024,1,2024-01,262
2024-01-31,2024,1,2024-01,0
2024-01-31,2024,1,2024-01,0
2024-01-31,2024,1,2024-01,304
2024-01-31,2024,1,2024-01,0
2024-01-31,2024,1,2024-01,0
2024-01-31,2024,1,2024-01,0
2024-01-31,2024,1,2024-01,2285
2024-01-31,2024,1,2024-01,853
2024-01-31,2024,1,2024-01,172
2024-01-31,2024,1,2024-01,238
2024-01-31,2024,1,2024-01,0
2024-01-31,2024,1,2024-01,0
2024-01-31,2024,1,2024-01,0
2023-12-31,2023,12,2023-12,576
2023-12-31,2023,12,2023-12,854
2023-12-31,2023,12,2023-12,1140
2023-12-31,2023,12,2023-12,1249
2023-12-31,2023,12,2023-12,1334
2023-12-31,2023,12,2023-12,2198
2023-12-31,2023,12,2023-12,1897
2023-12-31,2023,12,2023-12,2044
2023-12-31,2023,12,2023-12,456
2023-12-31,2023,12,2023-12,192
2023-12-31,2023,12,2023-12,0
2023-12-31,2023,12,2023-12,0
2023-12-31,2023,12,2023-12,281
2023-12-31,2023,12,2023-12,0
2023-12-31,2023,12,2023-12,0
2023-12-31,2023,12,2023-12,261
2023-12-31,2023,12,2023-12,550
2023-12-31,2023,12,2023-12,866
2023-12-31,2023,12,2023-12,285
2023-12-31,2023,12,2023-12,947
2023-12-31,2023,12,2023-12,0
2023-12-31,2023,12,2023-12,563
2023-12-31,2023,12,2023-12,575
2023-12-31,2023,12,2023-12,764
2023-12-31,2023,12,2023-12,0
2023-12-31,2023,12,2023-12,818
2023-12-31,2023,12,2023-12,367
2023-12-31,2023,12,2023-12,1086
2023-12-31,2023,12,2023-12,381
2023-12-31,2023,12,2023-12,205
2023-12-31,2023,12,2023-12,0
2023-12-31,2023,12,2023-12,0
2023-12-31,2023,12,2023-12,1007
2023-12-31,2023,12,2023-12,1511
2023-12-31,2023,12,2023-12,2324
2023-12-31,2023,12,2023-12,496
2023-12-31,2023,12,2023-12,92
2023-12-31,2023,12,2023-12,442
2023-12-31,2023,12,2023-12,141
2023-12-31,2023,12,2023-12,0
2023-12-31,2023,12,2023-12,0
2023-12-31,2023,12,2023-12,351
2023-12-31,2023,12,2023-12,501
2023-12-31,2023,12,2023-12,354
2023-12-31,2023,12,2023-12,565
2023-12-31,2023,12,2023-12,518
2023-12-31,2023,12,2023-12,792
2023-12-31,2023,12,2023-12,397
2023-12-31,2023,12,2023-12,73
2023-12-31,2023,12,2023-12,0
2023-12-31,2023,12,2023-12,648
2023-12-31,2023,12,2023-12,0
2023-12-31,2023,12,2023-12,0
2023-12-31,2023,12,2023-12,0
2023-12-31,2023,12,2023-12,213
2023-12-31,2023,12,2023-12,169
2023-12-31,2023,12,2023-12,864
2023-12-31,2023,12,2023-12,2019
2023-12-31,2023,12,2023-12,0
2023-12-31,2023,12,2023-12,0
2023-11-30,2023,11,2023-11,323
2023-11-30,2023,11,2023-11,0
2023-11-30,2023,11,2023-11,0
2023-11-30,2023,11,2023-11,0
2023-11-30,2023,11,2023-11,0
2023-11-30,2023,11,2023-11,150
2023-11-30,2023,11,2023-11,177
2023-11-30,2023,11,2023-11,866
2023-11-30,2023,11,2023-11,1523
2023-11-30,2023,11,2023-11,0
2023-11-30,2023,11,2023-11,1196
2023-11-30,2023,11,2023-11,869
2023-11-30,2023,11,2023-11,1241
2023-11-30,2023,11,2023-11,1333
2023-11-30,2023,11,2023-11,2198
2023-11-30,2023,11,2023-11,1866
2023-11-30,2023,11,2023-11,2042
2023-11-30,2023,11,2023-11,476
2023-11-30,2023,11,2023-11,202
2023-11-30,2023,11,2023-11,580
2023-11-30,2023,11,2023-11,0
2023-11-30,2023,11,2023-11,627
2023-11-30,2023,11,2023-11,0
2023-11-30,2023,11,2023-11,70
2023-11-30,2023,11,2023-11,417
2023-11-30,2023,11,2023-11,805
2023-11-30,2023,11,2023-11,544
2023-11-30,2023,11,2023-11,575
2023-11-30,2023,11,2023-11,364
2023-11-30,2023,11,2023-11,520
2023-11-30,2023,11,2023-11,375
2023-11-30,2023,11,2023-11,0
2023-11-30,2023,11,2023-11,0
2023-11-30,2023,11,2023-11,133
2023-11-30,2023,11,2023-11,439
2023-11-30,2023,11,2023-11,83
2023-11-30,2023,11,2023-11,519
2023-11-30,2023,11,2023-11,2392
2023-11-30,2023,11,2023-11,1419
2023-11-30,2023,11,2023-11,995
2023-11-30,2023,11,2023-11,0
2023-11-30,2023,11,2023-11,0
2023-11-30,2023,11,2023-11,220
2023-11-30,2023,11,2023-11,368
2023-11-30,2023,11,2023-11,1116
2023-11-30,2023,11,2023-11,868
2023-11-30,2023,11,2023-11,0
2023-11-30,2023,11,2023-11,750
2023-11-30,2023,11,2023-11,600
2023-11-30,2023,11,2023-11,560
2023-11-30,2023,11,2023-11,0
2023-11-30,2023,11,2023-11,982
2023-11-30,2023,11,2023-11,293
2023-11-30,2023,11,2023-11,863
2023-11-30,2023,11,2023-11,544
2023-11-30,2023,11,2023-11,265
2023-11-30,2023,11,2023-11,0
2023-11-30,2023,11,2023-11,0
2023-11-30,2023,11,2023-11,307
2023-11-30,2023,11,2023-11,0
2023-10-31,2023,10,2023-10,211
2023-10-31,2023,10,2023-10,489
2023-10-31,2023,10,2023-10,1422
2023-10-31,2023,10,2023-10,2076
2023-10-31,2023,10,2023-10,1907
2023-10-31,2023,10,2023-10,2214
2023-10-31,2023,10,2023-10,1286
2023-10-31,2023,10,2023-10,882
2023-10-31,2023,10,2023-10,1270
2023-10-31,2023,10,2023-10,0
2023-10-31,2023,10,2023-10,856
2023-10-31,2023,10,2023-10,177
2023-10-31,2023,10,2023-10,153
2023-10-31,2023,10,2023-10,0
2023-10-31,2023,10,2023-10,0
2023-10-31,2023,10,2023-10,0
2023-10-31,2023,10,2023-10,302
2023-10-31,2023,10,2023-10,0
2023-10-31,2023,10,2023-10,0
2023-10-31,2023,10,2023-10,274
2023-10-31,2023,10,2023-10,540
2023-10-31,2023,10,2023-10,871
2023-10-31,2023,10,2023-10,0
2023-10-31,2023,10,2023-10,304
2023-10-31,2023,10,2023-10,972
2023-10-31,2023,10,2023-10,0
2023-10-31,2023,10,2023-10,575
2023-10-31,2023,10,2023-10,602
2023-10-31,2023,10,2023-10,777
2023-10-31,2023,10,2023-10,0
2023-10-31,2023,10,2023-10,847
2023-10-31,2023,10,2023-10,337
2023-10-31,2023,10,2023-10,1113
2023-10-31,2023,10,2023-10,359
2023-10-31,2023,10,2023-10,218
2023-10-31,2023,10,2023-10,0
2023-10-31,2023,10,2023-10,0
2023-10-31,2023,10,2023-10,989
2023-10-31,2023,10,2023-10,1289
2023-10-31,2023,10,2023-10,2472
2023-10-31,2023,10,2023-10,529
2023-10-31,2023,10,2023-10,91
2023-10-31,2023,10,2023-10,447
2023-10-31,2023,10,2023-10,0
2023-10-31,2023,10,2023-10,143
2023-10-31,2023,10,2023-10,0
2023-10-31,2023,10,2023-10,0
2023-10-31,2023,10,2023-10,395
2023-10-31,2023,10,2023-10,516
2023-10-31,2023,10,2023-10,359
2023-10-31,2023,10,2023-10,554
2023-10-31,2023,10,2023-10,545
2023-10-31,2023,10,2023-10,0
2023-10-31,2023,10,2023-10,824
2023-10-31,2023,10,2023-10,422
2023-10-31,2023,10,2023-10,78
2023-10-31,2023,10,2023-10,0
2023-10-31,2023,10,2023-10,632
2023-10-31,2023,10,2023-10,585
2023-10-31,2023,10,2023-10,1211
2023-09-30,2023,9,2023-09,0
2023-09-30,2023,9,2023-09,0
2023-09-30,2023,9,2023-09,0
2023-09-30,2023,9,2023-09,0
2023-09-30,2023,9,2023-09,0
2023-09-30,2023,9,2023-09,132
2023-09-30,2023,9,2023-09,175
2023-09-30,2023,9,2023-09,854
2023-09-30,2023,9,2023-09,1390
2023-09-30,2023,9,2023-09,0
2023-09-30,2023,9,2023-09,0
2023-09-30,2023,9,2023-09,0
2023-09-30,2023,9,2023-09,296
2023-09-30,2023,9,2023-09,0
2023-09-30,2023,9,2023-09,276
2023-09-30,2023,9,2023-09,551
2023-09-30,2023,9,2023-09,877
2023-09-30,2023,9,2023-09,279
2023-09-30,2023,9,2023-09,961
2023-09-30,2023,9,2023-09,0
2023-09-30,2023,9,2023-09,564
2023-09-30,2023,9,2023-09,612
2023-09-30,2023,9,2023-09,774
2023-09-30,2023,9,2023-09,0
2023-09-30,2023,9,2023-09,787
2023-09-30,2023,9,2023-09,0
2023-09-30,2023,9,2023-09,1106
2023-09-30,2023,9,2023-09,372
2023-09-30,2023,9,2023-09,256
2023-09-30,2023,9,2023-09,0
2023-09-30,2023,9,2023-09,0
2023-09-30,2023,9,2023-09,1013
2023-09-30,2023,9,2023-09,1147
2023-09-30,2023,9,2023-09,2532
2023-09-30,2023,9,2023-09,347
2023-09-30,2023,9,2023-09,92
2023-09-30,2023,9,2023-09,459
2023-09-30,2023,9,2023-09,140
2023-09-30,2023,9,2023-09,0
2023-09-30,2023,9,2023-09,0
2023-09-30,2023,9,2023-09,408
2023-09-30,2023,9,2023-09,535
2023-09-30,2023,9,2023-09,383
2023-09-30,2023,9,2023-09,565
2023-09-30,2023,9,2023-09,553
2023-09-30,2023,9,2023-09,841
2023-09-30,2023,9,2023-09,423
2023-09-30,2023,9,2023-09,73
2023-09-30,2023,9,2023-09,649
2023-09-30,2023,9,2023-09,0
2023-09-30,2023,9,2023-09,597
2023-09-30,2023,9,2023-09,1240
2023-09-30,2023,9,2023-09,216
2023-09-30,2023,9,2023-09,493
2023-09-30,2023,9,2023-09,2115
2023-09-30,2023,9,2023-09,1770
2023-09-30,2023,9,2023-09,2226
2023-09-30,2023,9,2023-09,1298
2023-09-30,2023,9,2023-09,885
2023-09-30,2023,9,2023-09,1271
2023-08-31,2023,8,2023-08,1245
2023-08-31,2023,8,2023-08,1750
2023-08-31,2023,8,2023-08,2186
2023-08-31,2023,8,2023-08,1246
2023-08-31,2023,8,2023-08,878
2023-08-31,2023,8,2023-08,1257
2023-08-31,2023,8,2023-08,222
2023-08-31,2023,8,2023-08,488
2023-08-31,2023,8,2023-08,2089
2023-08-31,2023,8,2023-08,335
2023-08-31,2023,8,2023-08,0
2023-08-31,2023,8,2023-08,0
2023-08-31,2023,8,2023-08,0
2023-08-31,2023,8,2023-08,151
2023-08-31,2023,8,2023-08,178
2023-08-31,2023,8,2023-08,854
2023-08-31,2023,8,2023-08,1414
2023-08-31,2023,8,2023-08,0
2023-08-31,2023,8,2023-08,0
2023-08-31,2023,8,2023-08,0
2023-08-31,2023,8,2023-08,302
2023-08-31,2023,8,2023-08,0
2023-08-31,2023,8,2023-08,0
2023-08-31,2023,8,2023-08,286
2023-08-31,2023,8,2023-08,552
2023-08-31,2023,8,2023-08,899
2023-08-31,2023,8,2023-08,297
2023-08-31,2023,8,2023-08,928
2023-08-31,2023,8,2023-08,0
2023-08-31,2023,8,2023-08,555
2023-08-31,2023,8,2023-08,613
2023-08-31,2023,8,2023-08,754
2023-08-31,2023,8,2023-08,0
2023-08-31,2023,8,2023-08,812
2023-08-31,2023,8,2023-08,0
2023-08-31,2023,8,2023-08,1039
2023-08-31,2023,8,2023-08,350
2023-08-31,2023,8,2023-08,305
2023-08-31,2023,8,2023-08,0
2023-08-31,2023,8,2023-08,0
2023-08-31,2023,8,2023-08,985
2023-08-31,2023,8,2023-08,1122
2023-08-31,2023,8,2023-08,2580
2023-08-31,2023,8,2023-08,88
2023-08-31,2023,8,2023-08,452
2023-08-31,2023,8,2023-08,144
2023-08-31,2023,8,2023-08,0
2023-08-31,2023,8,2023-08,0
2023-08-31,2023,8,2023-08,422
2023-08-31,2023,8,2023-08,508
2023-08-31,2023,8,2023-08,373
2023-08-31,2023,8,2023-08,573
2023-08-31,2023,8,2023-08,554
2023-08-31,2023,8,2023-08,824
2023-08-31,2023,8,2023-08,348
2023-08-31,2023,8,2023-08,75
2023-08-31,2023,8,2023-08,0
2023-08-31,2023,8,2023-08,527
2023-08-31,2023,8,2023-08,0
2023-08-31,2023,8,2023-08,591
2023-07-31,2023,7,2023-07,1161
2023-07-31,2023,7,2023-07,1384
2023-07-31,2023,7,2023-07,0
2023-07-31,2023,7,2023-07,0
2023-07-31,2023,7,2023-07,0
2023-07-31,2023,7,2023-07,291
2023-07-31,2023,7,2023-07,0
2023-07-31,2023,7,2023-07,0
2023-07-31,2023,7,2023-07,287
2023-07-31,2023,7,2023-07,551
2023-07-31,2023,7,2023-07,882
2023-07-31,2023,7,2023-07,281
2023-07-31,2023,7,2023-07,597
2023-07-31,2023,7,2023-07,0
2023-07-31,2023,7,2023-07,535
2023-07-31,2023,7,2023-07,619
2023-07-31,2023,7,2023-07,772
2023-07-31,2023,7,2023-07,0
2023-07-31,2023,7,2023-07,838
2023-07-31,2023,7,2023-07,0
2023-07-31,2023,7,2023-07,369
2023-07-31,2023,7,2023-07,337
2023-07-31,2023,7,2023-07,206
2023-07-31,2023,7,2023-07,0
2023-07-31,2023,7,2023-07,0
2023-07-31,2023,7,2023-07,993
2023-07-31,2023,7,2023-07,1098
2023-07-31,2023,7,2023-07,2570
2023-07-31,2023,7,2023-07,346
2023-07-31,2023,7,2023-07,86
2023-07-31,2023,7,2023-07,457
2023-07-31,2023,7,2023-07,140
2023-07-31,2023,7,2023-07,0
2023-07-31,2023,7,2023-07,0
2023-07-31,2023,7,2023-07,398
2023-07-31,2023,7,2023-07,388
2023-07-31,2023,7,2023-07,379
2023-07-31,2023,7,2023-07,564
2023-07-31,2023,7,2023-07,557
2023-07-31,2023,7,2023-07,823
2023-07-31,2023,7,2023-07,427
2023-07-31,2023,7,2023-07,79
2023-07-31,2023,7,2023-07,0
2023-07-31,2023,7,2023-07,427
2023-07-31,2023,7,2023-07,0
2023-07-31,2023,7,2023-07,143
2023-07-31,2023,7,2023-07,580
2023-07-31,2023,7,2023-07,1227
2023-07-31,2023,7,2023-07,216
2023-07-31,2023,7,2023-07,474
2023-07-31,2023,7,2023-07,2067
2023-07-31,2023,7,2023-07,1766
2023-07-31,2023,7,2023-07,2221
2023-07-31,2023,7,2023-07,176
2023-07-31,2023,7,2023-07,847
2023-07-31,2023,7,2023-07,0
2023-07-31,2023,7,2023-07,0
2023-07-31,2023,7,2023-07,0
2023-07-31,2023,7,2023-07,1247
2023-07-31,2023,7,2023-07,886
2023-06-30,2023,6,2023-06,853
2023-06-30,2023,6,2023-06,367
2023-06-30,2023,6,2023-06,0
2023-06-30,2023,6,2023-06,0
2023-06-30,2023,6,2023-06,0
2023-06-30,2023,6,2023-06,867
2023-06-30,2023,6,2023-06,1439
2023-06-30,2023,6,2023-06,0
2023-06-30,2023,6,2023-06,0
2023-06-30,2023,6,2023-06,0
2023-06-30,2023,6,2023-06,304
2023-06-30,2023,6,2023-06,0
2023-06-30,2023,6,2023-06,0
2023-06-30,2023,6,2023-06,285
2023-06-30,2023,6,2023-06,545
2023-06-30,2023,6,2023-06,886
2023-06-30,2023,6,2023-06,291
2023-06-30,2023,6,2023-06,611
2023-06-30,2023,6,2023-06,0
2023-06-30,2023,6,2023-06,533
2023-06-30,2023,6,2023-06,630
2023-06-30,2023,6,2023-06,745
2023-06-30,2023,6,2023-06,0
2023-06-30,2023,6,2023-06,816
2023-06-30,2023,6,2023-06,0
2023-06-30,2023,6,2023-06,353
2023-06-30,2023,6,2023-06,354
2023-06-30,2023,6,2023-06,234
2023-06-30,2023,6,2023-06,0
2023-06-30,2023,6,2023-06,0
2023-06-30,2023,6,2023-06,983
2023-06-30,2023,6,2023-06,1101
2023-06-30,2023,6,2023-06,2444
2023-06-30,2023,6,2023-06,363
2023-06-30,2023,6,2023-06,87
2023-06-30,2023,6,2023-06,458
2023-06-30,2023,6,2023-06,131
2023-06-30,2023,6,2023-06,0
2023-06-30,2023,6,2023-06,0
2023-06-30,2023,6,2023-06,405
2023-06-30,2023,6,2023-06,376
2023-06-30,2023,6,2023-06,377
2023-06-30,2023,6,2023-06,570
2023-06-30,2023,6,2023-06,572
2023-06-30,2023,6,2023-06,420
2023-06-30,2023,6,2023-06,70
2023-06-30,2023,6,2023-06,0
2023-06-30,2023,6,2023-06,0
2023-06-30,2023,6,2023-06,568
2023-06-30,2023,6,2023-06,1231
2023-06-30,2023,6,2023-06,217
2023-06-30,2023,6,2023-06,476
2023-06-30,2023,6,2023-06,2067
2023-06-30,2023,6,2023-06,1703
2023-06-30,2023,6,2023-06,2262
2023-06-30,2023,6,2023-06,1223
2023-06-30,2023,6,2023-06,899
2023-06-30,2023,6,2023-06,1092
2023-06-30,2023,6,2023-06,170
2023-06-30,2023,6,2023-06,139
2023-05-31,2023,5,2023-05,2243
2023-05-31,2023,5,2023-05,1238
2023-05-31,2023,5,2023-05,930
2023-05-31,2023,5,2023-05,478
2023-05-31,2023,5,2023-05,2097
2023-05-31,2023,5,2023-05,1550
2023-05-31,2023,5,2023-05,1112
2023-05-31,2023,5,2023-05,1119
2023-05-31,2023,5,2023-05,0
2023-05-31,2023,5,2023-05,0
2023-05-31,2023,5,2023-05,0
2023-05-31,2023,5,2023-05,143
2023-05-31,2023,5,2023-05,170
2023-05-31,2023,5,2023-05,859
2023-05-31,2023,5,2023-05,1421
2023-05-31,2023,5,2023-05,0
2023-05-31,2023,5,2023-05,0
2023-05-31,2023,5,2023-05,0
2023-05-31,2023,5,2023-05,311
2023-05-31,2023,5,2023-05,0
2023-05-31,2023,5,2023-05,0
2023-05-31,2023,5,2023-05,279
2023-05-31,2023,5,2023-05,541
2023-05-31,2023,5,2023-05,857
2023-05-31,2023,5,2023-05,285
2023-05-31,2023,5,2023-05,581
2023-05-31,2023,5,2023-05,0
2023-05-31,2023,5,2023-05,544
2023-05-31,2023,5,2023-05,661
2023-05-31,2023,5,2023-05,745
2023-05-31,2023,5,2023-05,0
2023-05-31,2023,5,2023-05,815
2023-05-31,2023,5,2023-05,0
2023-05-31,2023,5,2023-05,345
2023-05-31,2023,5,2023-05,362
2023-05-31,2023,5,2023-05,266
2023-05-31,2023,5,2023-05,0
2023-05-31,2023,5,2023-05,0
2023-05-31,2023,5,2023-05,974
2023-05-31,2023,5,2023-05,2380
2023-05-31,2023,5,2023-05,368
2023-05-31,2023,5,2023-05,88
2023-05-31,2023,5,2023-05,456
2023-05-31,2023,5,2023-05,138
2023-05-31,2023,5,2023-05,0
2023-05-31,2023,5,2023-05,0
2023-05-31,2023,5,2023-05,395
2023-05-31,2023,5,2023-05,376
2023-05-31,2023,5,2023-05,378
2023-05-31,2023,5,2023-05,581
2023-05-31,2023,5,2023-05,503
2023-05-31,2023,5,2023-05,832
2023-05-31,2023,5,2023-05,409
2023-05-31,2023,5,2023-05,65
2023-05-31,2023,5,2023-05,0
2023-05-31,2023,5,2023-05,360
2023-05-31,2023,5,2023-05,0
2023-05-31,2023,5,2023-05,578
2023-05-31,2023,5,2023-05,1251
2023-05-31,2023,5,2023-05,210
2023-04-30,2023,4,2023-04,0
2023-04-30,2023,4,2023-04,1077
2023-04-30,2023,4,2023-04,2441
2023-04-30,2023,4,2023-04,196
2023-04-30,2023,4,2023-04,91
2023-04-30,2023,4,2023-04,461
2023-04-30,2023,4,2023-04,145
2023-04-30,2023,4,2023-04,0
2023-04-30,2023,4,2023-04,0
2023-04-30,2023,4,2023-04,412
2023-04-30,2023,4,2023-04,370
2023-04-30,2023,4,2023-04,374
2023-04-30,2023,4,2023-04,591
2023-04-30,2023,4,2023-04,515
2023-04-30,2023,4,2023-04,851
2023-04-30,2023,4,2023-04,425
2023-04-30,2023,4,2023-04,63
2023-04-30,2023,4,2023-04,0
2023-04-30,2023,4,2023-04,358
2023-04-30,2023,4,2023-04,0
2023-04-30,2023,4,2023-04,569
2023-04-30,2023,4,2023-04,1233
2023-04-30,2023,4,2023-04,212
2023-04-30,2023,4,2023-04,482
2023-04-30,2023,4,2023-04,2086
2023-04-30,2023,4,2023-04,1504
2023-04-30,2023,4,2023-04,2189
2023-04-30,2023,4,2023-04,1229
2023-04-30,2023,4,2023-04,899
2023-04-30,2023,4,2023-04,1104
2023-04-30,2023,4,2023-04,0
2023-04-30,2023,4,2023-04,0
2023-04-30,2023,4,2023-04,138
2023-04-30,2023,4,2023-04,164
2023-04-30,2023,4,2023-04,857
2023-04-30,2023,4,2023-04,1405
2023-04-30,2023,4,2023-04,0
2023-04-30,2023,4,2023-04,0
2023-04-30,2023,4,2023-04,0
2023-04-30,2023,4,2023-04,293
2023-04-30,2023,4,2023-04,0
2023-04-30,2023,4,2023-04,0
2023-04-30,2023,4,2023-04,289
2023-04-30,2023,4,2023-04,540
2023-04-30,2023,4,2023-04,876
2023-04-30,2023,4,2023-04,295
2023-04-30,2023,4,2023-04,617
2023-04-30,2023,4,2023-04,0
2023-04-30,2023,4,2023-04,552
2023-04-30,2023,4,2023-04,697
2023-04-30,2023,4,2023-04,724
2023-04-30,2023,4,2023-04,0
2023-04-30,2023,4,2023-04,271
2023-04-30,2023,4,2023-04,370
2023-04-30,2023,4,2023-04,328
2023-04-30,2023,4,2023-04,0
2023-04-30,2023,4,2023-04,833
2023-04-30,2023,4,2023-04,0
2023-04-30,2023,4,2023-04,844
2023-03-31,2023,3,2023-03,0
2023-03-31,2023,3,2023-03,0
2023-03-31,2023,3,2023-03,425
2023-03-31,2023,3,2023-03,405
2023-03-31,2023,3,2023-03,379
2023-03-31,2023,3,2023-03,578
2023-03-31,2023,3,2023-03,527
2023-03-31,2023,3,2023-03,818
2023-03-31,2023,3,2023-03,420
2023-03-31,2023,3,2023-03,68
2023-03-31,2023,3,2023-03,0
2023-03-31,2023,3,2023-03,366
2023-03-31,2023,3,2023-03,0
2023-03-31,2023,3,2023-03,576
2023-03-31,2023,3,2023-03,1220
2023-03-31,2023,3,2023-03,214
2023-03-31,2023,3,2023-03,464
2023-03-31,2023,3,2023-03,2076
2023-03-31,2023,3,2023-03,1421
2023-03-31,2023,3,2023-03,2177
2023-03-31,2023,3,2023-03,1234
2023-03-31,2023,3,2023-03,862
2023-03-31,2023,3,2023-03,1119
2023-03-31,2023,3,2023-03,0
2023-03-31,2023,3,2023-03,0
2023-03-31,2023,3,2023-03,135
2023-03-31,2023,3,2023-03,180
2023-03-31,2023,3,2023-03,832
2023-03-31,2023,3,2023-03,1354
2023-03-31,2023,3,2023-03,0
2023-03-31,2023,3,2023-03,0
2023-03-31,2023,3,2023-03,0
2023-03-31,2023,3,2023-03,303
2023-03-31,2023,3,2023-03,0
2023-03-31,2023,3,2023-03,0
2023-03-31,2023,3,2023-03,289
2023-03-31,2023,3,2023-03,554
2023-03-31,2023,3,2023-03,855
2023-03-31,2023,3,2023-03,292
2023-03-31,2023,3,2023-03,596
2023-03-31,2023,3,2023-03,0
2023-03-31,2023,3,2023-03,559
2023-03-31,2023,3,2023-03,681
2023-03-31,2023,3,2023-03,712
2023-03-31,2023,3,2023-03,0
2023-03-31,2023,3,2023-03,645
2023-03-31,2023,3,2023-03,0
2023-03-31,2023,3,2023-03,340
2023-03-31,2023,3,2023-03,358
2023-03-31,2023,3,2023-03,201
2023-03-31,2023,3,2023-03,0
2023-03-31,2023,3,2023-03,847
2023-03-31,2023,3,2023-03,1095
2023-03-31,2023,3,2023-03,2379
2023-03-31,2023,3,2023-03,191
2023-03-31,2023,3,2023-03,85
2023-03-31,2023,3,2023-03,454
2023-03-31,2023,3,2023-03,151
2023-03-31,2023,3,2023-03,0
2023-02-28,2023,2,2023-02,452
2023-02-28,2023,2,2023-02,221
2023-02-28,2023,2,2023-02,1216
2023-02-28,2023,2,2023-02,580
2023-02-28,2023,2,2023-02,0
2023-02-28,2023,2,2023-02,361
2023-02-28,2023,2,2023-02,0
2023-02-28,2023,2,2023-02,70
2023-02-28,2023,2,2023-02,453
2023-02-28,2023,2,2023-02,821
2023-02-28,2023,2,2023-02,531
2023-02-28,2023,2,2023-02,573
2023-02-28,2023,2,2023-02,379
2023-02-28,2023,2,2023-02,416
2023-02-28,2023,2,2023-02,429
2023-02-28,2023,2,2023-02,0
2023-02-28,2023,2,2023-02,710
2023-02-28,2023,2,2023-02,671
2023-02-28,2023,2,2023-02,568
2023-02-28,2023,2,2023-02,0
2023-02-28,2023,2,2023-02,376
2023-02-28,2023,2,2023-02,307
2023-02-28,2023,2,2023-02,863
2023-02-28,2023,2,2023-02,558
2023-02-28,2023,2,2023-02,283
2023-02-28,2023,2,2023-02,0
2023-02-28,2023,2,2023-02,0
2023-02-28,2023,2,2023-02,297
2023-02-28,2023,2,2023-02,0
2023-02-28,2023,2,2023-02,0
2023-02-28,2023,2,2023-02,0
2023-02-28,2023,2,2023-02,1421
2023-02-28,2023,2,2023-02,854
2023-02-28,2023,2,2023-02,180
2023-02-28,2023,2,2023-02,109
2023-02-28,2023,2,2023-02,0
2023-02-28,2023,2,2023-02,0
2023-02-28,2023,2,2023-02,0
2023-02-28,2023,2,2023-02,0
2023-02-28,2023,2,2023-02,143
2023-02-28,2023,2,2023-02,436
2023-02-28,2023,2,2023-02,85
2023-02-28,2023,2,2023-02,204
2023-02-28,2023,2,2023-02,2398
2023-02-28,2023,2,2023-02,1145
2023-02-28,2023,2,2023-02,795
2023-02-28,2023,2,2023-02,0
2023-02-28,2023,2,2023-02,0
2023-02-28,2023,2,2023-02,185
2023-02-28,2023,2,2023-02,357
2023-02-28,2023,2,2023-02,347
2023-02-28,2023,2,2023-02,0
2023-02-28,2023,2,2023-02,536
2023-02-28,2023,2,2023-02,1136
2023-02-28,2023,2,2023-02,870
2023-02-28,2023,2,2023-02,1242
2023-02-28,2023,2,2023-02,2200
2023-02-28,2023,2,2023-02,1359
2023-02-28,2023,2,2023-02,2136
2023-01-31,2023,1,2023-01,318
2023-01-31,2023,1,2023-01,0
2023-01-31,2023,1,2023-01,1122
2023-01-31,2023,1,2023-01,854
2023-01-31,2023,1,2023-01,1289
2023-01-31,2023,1,2023-01,2238
2023-01-31,2023,1,2023-01,1326
2023-01-31,2023,1,2023-01,2057
2023-01-31,2023,1,2023-01,450
2023-01-31,2023,1,2023-01,222
2023-01-31,2023,1,2023-01,1197
2023-01-31,2023,1,2023-01,575
2023-01-31,2023,1,2023-01,0
2023-01-31,2023,1,2023-01,357
2023-01-31,2023,1,2023-01,0
2023-01-31,2023,1,2023-01,71
2023-01-31,2023,1,2023-01,772
2023-01-31,2023,1,2023-01,833
2023-01-31,2023,1,2023-01,551
2023-01-31,2023,1,2023-01,572
2023-01-31,2023,1,2023-01,368
2023-01-31,2023,1,2023-01,421
2023-01-31,2023,1,2023-01,418
2023-01-31,2023,1,2023-01,0
2023-01-31,2023,1,2023-01,0
2023-01-31,2023,1,2023-01,129
2023-01-31,2023,1,2023-01,183
2023-01-31,2023,1,2023-01,830
2023-01-31,2023,1,2023-01,1410
2023-01-31,2023,1,2023-01,0
2023-01-31,2023,1,2023-01,0
2023-01-31,2023,1,2023-01,0
2023-01-31,2023,1,2023-01,315
2023-01-31,2023,1,2023-01,0
2023-01-31,2023,1,2023-01,0
2023-01-31,2023,1,2023-01,285
2023-01-31,2023,1,2023-01,544
2023-01-31,2023,1,2023-01,871
2023-01-31,2023,1,2023-01,291
2023-01-31,2023,1,2023-01,1356
2023-01-31,2023,1,2023-01,0
2023-01-31,2023,1,2023-01,593
2023-01-31,2023,1,2023-01,682
2023-01-31,2023,1,2023-01,731
2023-01-31,2023,1,2023-01,0
2023-01-31,2023,1,2023-01,522
2023-01-31,2023,1,2023-01,0
2023-01-31,2023,1,2023-01,660
2023-01-31,2023,1,2023-01,334
2023-01-31,2023,1,2023-01,0
2023-01-31,2023,1,2023-01,0
2023-01-31,2023,1,2023-01,763
2023-01-31,2023,1,2023-01,1114
2023-01-31,2023,1,2023-01,2394
2023-01-31,2023,1,2023-01,204
2023-01-31,2023,1,2023-01,88
2023-01-31,2023,1,2023-01,463
2023-01-31,2023,1,2023-01,144
2023-01-31,2023,1,2023-01,0
