nta_id,nta_name,borough,food_insecure_percentage,food_insecure_percentage_rank,unemployment_rate,unemployment_rate_rank,vulnerable_population_percentage,vulnerable_population_percentage_rank,supply_gap,weighted_score,total_sites,pantry_sites,kitchen_sites,weekday_sites,weekend_sites,cdta_id,total_families_with_children_shelter,high_shelter_flag,coverage_ratio,is_high_priority,coverage_category,coverage_category_label,has_kitchen,has_weekend,log_total_sites,log_coverage_ratio,priority_normalized,is_low_coverage,is_high_coverage
BK0104,East Williamsburg,Brooklyn,35.99,1,6.38,126,12.43,146,2776626.0961,8.221,1,1,0,1,0,BK01,0.0,0.0,0.027785495971103084,1,0,Low,0,0,0.6931471805599453,0.02740648375342329,1.0,1,0
BX0501,University Heights (South)-Morris Heights,Bronx,29.44,14,11.98,20,19.63,34,1669388.8684,8.0704,3,3,0,3,0,BX05,38815.0,1.0,0.10190217391304347,1,0,Low,0,0,1.3862943611198906,0.09703793538653668,0.9770185103233583,1,0
BX0901,Soundview-Bruckner-Bronx River,Bronx,22.63,36,10.06,32,21.43,25,1625975.8588,7.6866,4,3,1,1,3,BX09,31536.0,1.0,0.17675651789659744,1,1,High,1,1,1.6094379124341003,0.16276194018039486,0.9184508095405228,0,1
MN1202,Washington Heights (North),Manhattan,24.29,28,12.25,19,18.57,41,1463457.0199,7.3895,2,2,1,2,0,MN12,0.0,0.0,0.08233841086867023,1,0,Low,1,0,1.0986122886681098,0.07912389572770871,0.8731134882727258,1,0
BK1503,Sheepshead Bay-Manhattan Beach-Gerritsen Beach,Brooklyn,21.11,42,4.91,170,15.95,81,1907055.7504,7.2775,1,1,1,1,0,BK15,7847.0,0.0,0.047370914258645196,1,0,Low,1,0,0.6931471805599453,0.04628313300912569,0.8560223405716378,1,0
BX0403,Mount Eden-Claremont (West),Bronx,19.88,50,14.42,8,21.27,27,616739.6518,7.2076,3,3,0,3,1,BX04,52319.0,1.0,0.15090543259557346,1,1,High,0,1,1.3862943611198906,0.14054896528316918,0.8453556332117623,0,1
BX0702,Bedford Park,Bronx,30.06,12,13.33,13,24.55,17,640922.4202,7.1887,3,2,1,3,1,BX07,11174.0,0.0,0.0998003992015968,1,0,Low,1,1,1.3862943611198906,0.09512870806804968,0.8424715020372036,1,0
BX0601,West Farms,Bronx,34.35,2,16.58,2,16.67,64,464644.5264,7.1209,3,2,1,2,1,BX06,48601.0,1.0,0.08733624454148471,1,0,Low,1,1,1.3862943611198906,0.08373089291046797,0.8321252536967235,1,0
MN1201,Washington Heights (South),Manhattan,20.29,47,13.6,12,19.32,37,992331.3375,7.0871,2,2,0,2,1,MN12,0.0,0.0,0.09857072449482504,1,0,Low,0,1,1.0986122886681098,0.09400999356005411,0.8269673894797881,1,0
QN0301,Jackson Heights,Queens,17.62,68,9.09,49,26.41,12,1730635.8198,7.0706,4,3,1,4,0,QN03,19799.0,1.0,0.22701475595913734,1,1,High,1,0,1.6094379124341003,0.20458419170302877,0.8244494971845384,0,1
BX0101,Mott Haven-Port Morris,Bronx,31.43,7,13.11,15,15.27,90,189799.9432,6.903,7,6,1,5,2,BX01,28947.0,1.0,0.22271714922049,1,1,High,1,1,2.0794415416798357,0.20107555376727634,0.7988738154461246,0,1
BX0603,Belmont,Bronx,33.87,3,15.03,5,22.36,23,227731.8694,6.8898,2,2,0,2,0,BX06,48601.0,1.0,0.0590493061706525,1,0,Low,0,0,1.0986122886681098,0.05737162471451088,0.7968595016099249,1,0
BK0702,Sunset Park (West),Brooklyn,21.51,41,6.28,130,21.33,26,1242983.0474,6.8246,3,3,0,1,2,BK07,8686.0,0.0,0.1394700139470014,1,1,High,0,1,1.3862943611198906,0.13056325426038254,0.7869100120553632,0,1
MN0301,Chinatown-Two Bridges,Manhattan,17.43,70,11.55,24,18.02,46,714859.1279,6.804,0,0,0,0,0,MN03,4142.0,0.0,0.0,1,0,Low,0,0,0.0,0.0,0.7837664616746273,1,0
MN1101,East Harlem (South),Manhattan,21.65,40,8.97,54,12.97,135,884649.9346,6.7968,4,3,1,4,1,MN11,12996.0,0.0,0.18475750577367206,1,1,High,1,1,1.6094379124341003,0.16953811716827968,0.7826677450367001,0,1
BX0502,Mount Hope,Bronx,19.38,56,13.86,11,23.94,19,101509.5768,6.7318,4,4,0,3,1,BX05,38815.0,1.0,0.2063983488132095,1,1,High,0,1,1.6094379124341003,0.18763934958130218,0.7727487753887473,0,1
BX0402,Highbridge,Bronx,32.07,5,9.79,39,15.18,92,755612.1808,6.7024,3,2,1,3,1,BX04,52319.0,1.0,0.09354536950420954,1,0,Low,1,1,1.3862943611198906,0.08942505044702319,0.7682623491172116,1,0
BX0803,Riverdale-Spuyten Duyvil,Bronx,27.11,17,5.62,141,10.73,170,2022029.1425,6.6493,0,0,0,0,0,BX08,5714.0,0.0,0.0,1,0,Low,0,0,0.0,0.0,0.7601593139124995,1,0
BK1302,Coney Island-Sea Gate,Brooklyn,24.17,30,10.17,31,13.46,119,994956.76,6.6135,4,3,1,3,1,BK13,10211.0,0.0,0.16549441456350847,1,1,High,1,1,1.6094379124341003,0.15314538717288959,0.7546962506294731,0,1
BX1104,Allerton,Bronx,15.94,89,10.64,30,17.57,54,693814.7977,6.5994,0,0,0,0,0,BX11,0.0,0.0,0.0,1,0,Low,0,0,0.0,0.0,0.7525445972135324,1,0
BK1001,Bay Ridge,Brooklyn,17.16,74,6.07,134,13.66,117,1760897.7134,6.5749,2,2,0,1,1,BK10,0.0,0.0,0.11655011655011654,1,0,Low,0,1,1.0986122886681098,0.11024367848289826,0.7488059086539195,1,0
QN0402,Corona,Queens,14.1,113,6.68,117,32.09,6,679291.5649,6.4885,0,0,0,0,0,QN04,12802.0,0.0,0.0,1,0,Low,0,0,0.0,0.0,0.7356213089987945,1,0
QN0101,Astoria (North)-Ditmars-Steinway,Queens,20.1,49,7.72,82,13.15,132,1550913.7042,6.4451,0,0,0,0,0,QN01,15455.0,0.0,0.0,1,0,Low,0,0,0.0,0.0,0.7289984892646229,1,0
BK1101,Bensonhurst,Brooklyn,15.54,94,7.53,86,24.86,16,1055881.799,6.4179,5,5,2,5,0,BK11,0.0,0.0,0.32175032175032175,1,1,High,1,0,1.791759469228055,0.2789568595609108,0.7248477819657871,0,1
BK1602,Brownsville,Brooklyn,24.29,27,14.85,7,13.98,110,-397022.3107,6.4155,8,8,0,4,5,BK16,57721.0,1.0,0.32935364347468093,1,1,High,0,1,2.1972245773362196,0.2846928417561027,0.7244815430864782,0,1
BK0103,South Williamsburg,Brooklyn,14.54,107,8.79,58,7.7,193,718688.8672,6.4041,1,1,0,1,0,BK01,0.0,0.0,0.06877579092159561,1,0,Low,0,0,0.6931471805599453,0.06651387283412809,0.7227419084097603,1,0
BX0503,Fordham Heights,Bronx,16.19,83,14.27,9,26.83,11,-197167.6924,6.3576,3,2,1,2,1,BX05,38815.0,1.0,0.18529956763434216,1,1,High,1,1,1.3862943611198906,0.16999554233006475,0.7156460301231478,0,1
QN0401,Elmhurst,Queens,13.99,118,5.48,146,32.4,5,1105882.2112,6.3512,4,4,0,3,1,QN04,12802.0,0.0,0.28591851322373124,1,1,High,0,1,1.6094379124341003,0.25147325928505193,0.7146693931116571,0,1
BX0302,Claremont Village-Claremont (East),Bronx,31.58,6,14.92,6,12.72,139,-266831.0613,6.3124,4,3,1,3,1,BX03,30888.0,1.0,0.1266624445851805,1,1,High,1,1,1.6094379124341003,0.11925967341019306,0.7087485312294944,0,1
QN0502,Ridgewood,Queens,12.82,132,6.98,108,19.54,36,946858.3454,6.3122,4,4,0,2,2,QN05,6254.0,0.0,0.31201248049922,1,1,High,0,1,1.6094379124341003,0.271562203052278,0.7087180113228853,0,1
BX1203,Wakefield-Woodlawn,Bronx,19.28,57,9.24,44,15.28,89,357864.871,6.2935,1,1,0,0,1,BX12,13610.0,0.0,0.051867219917012444,1,0,Low,0,1,0.6931471805599453,0.05056688954058285,0.7058644000549358,1,0
BX0701,University Heights (North)-Fordham,Bronx,26.67,19,13.32,14,24.22,18,196301.0523,6.2888,2,2,0,1,1,BX07,11174.0,0.0,0.07499062617172852,1,0,Low,0,1,1.0986122886681098,0.07231194170135556,0.7051471822496224,1,0
QN0804,Jamaica Estates-Holliswood,Queens,21.99,39,8.41,69,17.94,49,634647.9556,6.2705,2,2,0,2,0,QN08,7121.0,0.0,0.09095043201455208,1,0,Low,0,0,1.0986122886681098,0.0870492722849334,0.702354610794891,1,0
MN0703,Upper West Side-Manhattan Valley,Manhattan,15.41,97,7.16,100,13.82,113,752131.6343,6.2667,2,0,2,1,1,MN07,13815.0,0.0,0.12978585334198572,1,1,High,1,1,1.0986122886681098,0.12202810444807329,0.7017747325693183,0,1
MN1002,Harlem (North),Manhattan,19.6,54,11.77,21,12.75,138,326600.4669,6.2553,12,11,1,10,2,MN10,14724.0,0.0,0.6122448979591836,1,1,High,1,1,2.5649493574615367,0.4776275543563948,0.7000350978926004,0,1
BX1202,Eastchester-Edenwald-Baychester,Bronx,25.37,23,9.62,42,14.55,101,143915.367,6.2421,5,4,1,2,3,BX12,13610.0,0.0,0.19708316909735907,1,1,High,1,1,1.791759469228055,0.17988790544646688,0.6980207840564007,0,1
BX1101,Pelham Parkway-Van Nest,Bronx,20.47,46,9.91,36,17.16,58,652105.9579,6.238,1,1,1,1,0,BX11,0.0,0.0,0.04885197850512946,1,0,Low,1,0,0.6931471805599453,0.047696212217491506,0.6973951259709145,1,0
BX0801,Kingsbridge Heights-Van Cortlandt Village,Bronx,19.27,58,9.8,38,17.74,53,911265.4762,6.2258,1,1,0,1,0,BX08,5714.0,0.0,0.05189413596263622,1,0,Low,0,0,0.6931471805599453,0.05059247803763364,0.6955334116677603,1,0
MN0902,Manhattanville-West Harlem,Manhattan,24.41,25,12.92,16,14.25,106,498743.2251,6.2199,1,1,0,1,0,MN09,17406.0,0.0,0.04096681687832855,1,0,Low,0,0,0.6931471805599453,0.04014991292720401,0.6946330744227921,1,0
BX0802,Kingsbridge-Marble Hill,Bronx,25.35,24,8.88,57,16.06,78,995771.4658,6.1726,0,0,0,0,0,BX08,5714.0,0.0,0.0,1,0,Low,0,0,0.0,0.0,0.6874151165097434,1,0
MN1102,East Harlem (North),Manhattan,25.44,22,8.98,52,12.46,144,-41044.8361,6.1476,9,7,2,9,1,MN11,12996.0,0.0,0.35377358490566035,1,1,High,1,1,2.302585092994046,0.30289594108760864,0.6836001281836076,0,1
BK0102,Williamsburg,Brooklyn,16.6,80,6.38,124,12.5,141,822035.3505,6.1449,1,1,0,1,0,BK01,0.0,0.0,0.06024096385542168,1,0,Low,0,0,0.6931471805599453,0.05849620668160854,0.6831881094443851,1,0
MN0701,Upper West Side-Lincoln Square,Manhattan,12.89,131,6.07,133,14.23,107,935126.5509,6.1249,2,1,1,2,1,MN07,13815.0,0.0,0.1551590380139643,1,1,High,1,1,1.0986122886681098,0.14423802974482158,0.6801361187834766,0,1
BX0904,Parkchester,Bronx,10.97,161,11.61,23,14.98,94,309029.5383,6.1183,4,4,0,4,0,BX09,31536.0,1.0,0.3646308113035551,1,1,High,0,0,1.6094379124341003,0.3108839241443981,0.6791289618653766,0,1
BX0303,Crotona Park East,Bronx,30.35,11,11.66,22,16.3,73,-184155.0552,6.1081,4,3,1,3,2,BX03,30888.0,1.0,0.13179571663920922,1,1,High,1,1,1.6094379124341003,0.12380550116285108,0.6775724466283134,0,1
SI0204,New Springville-Willowbrook-Bulls Head-Travis,Staten Island,16.09,86,5.02,168,11.41,162,1075153.9241,6.1043,0,0,0,0,0,SI02,0.0,0.0,0.0,1,0,Low,0,0,0.0,0.0,0.6769925684027408,1,0
BX1201,Williamsbridge-Olinville,Bronx,20.16,48,10.74,29,16.18,75,-67503.599,6.1025,5,5,0,3,2,BX12,13610.0,0.0,0.24801587301587302,1,1,High,0,1,1.791759469228055,0.22155498862907191,0.6767178892432588,0,1
QN0701,College Point,Queens,20.81,44,9.13,46,19.26,38,1032956.4409,6.1005,0,0,0,0,0,QN07,0.0,0.0,0.0,1,0,Low,0,0,0.0,0.0,0.6764126901771681,1,0
QN0704,Murray Hill-Broadway Flushing,Queens,12.37,140,5.45,152,27.11,10,831093.2051,6.0741,1,1,0,1,0,QN07,0.0,0.0,0.08084074373484236,1,0,Low,0,0,0.6931471805599453,0.07773920470945528,0.6723840625047687,1,0
BK1204,Mapleton-Midwood (West),Brooklyn,26.43,21,5.11,162,13.99,109,750828.8393,6.0584,3,2,2,3,0,BK12,3322.0,0.0,0.11350737797956867,1,0,Low,1,0,1.3862943611198906,0.10751483362918357,0.6699882498359554,1,0
BK1103,Gravesend (West),Brooklyn,16.0,87,8.94,55,21.88,24,749121.5149,6.0331,2,2,1,2,0,BK11,0.0,0.0,0.125,0,1,High,1,0,1.0986122886681098,0.11778303565638346,0.6661274816499061,0,1
BX0602,Tremont,Bronx,31.25,8,12.47,17,16.4,69,-374790.7404,6.0214,4,4,0,4,0,BX06,48601.0,1.0,0.128,0,1,High,0,0,1.6094379124341003,0.12044615307586716,0.6643420671132746,0,1
QN1001,South Ozone Park,Queens,12.48,139,9.05,51,17.76,52,-11249.6798,6.0137,4,4,0,4,1,QN10,0.0,0.0,0.3205128205128205,0,1,High,0,1,1.6094379124341003,0.278020161540044,0.6631670507088249,0,1
BX0401,Concourse-Concourse Village,Bronx,23.82,31,11.09,26,19.07,39,-651134.1577,5.9755,5,5,0,4,2,BX04,52319.0,1.0,0.20990764063811923,0,1,High,0,1,1.791759469228055,0.190544026644222,0.6573377485464895,0,1
BK1201,Sunset Park (East)-Borough Park (West),Brooklyn,16.11,85,9.13,47,29.07,8,556183.1125,5.9516,0,0,0,0,0,BK12,3322.0,0.0,0.0,0,0,Low,0,0,0.0,0.0,0.6536906197067036,1,0
BK0401,Bushwick (West),Brooklyn,16.53,81,7.12,103,16.01,80,256139.4679,5.9503,1,1,0,1,0,BK04,19515.0,1.0,0.060496067755595885,0,0,Low,0,0,0.6931471805599453,0.05873678710021032,0.6534922403137448,1,0
BK1501,Gravesend (East)-Homecrest,Brooklyn,17.61,69,7.22,95,17.25,57,1033946.3546,5.9463,1,1,0,1,0,BK15,7847.0,0.0,0.05678591709256105,0,0,Low,0,0,0.6931471805599453,0.05523214814604462,0.6528818421815628,1,0
BK1202,Borough Park,Brooklyn,19.68,52,7.53,85,12.12,152,617741.4649,5.9452,1,1,1,1,0,BK12,3322.0,0.0,0.0508130081300813,0,0,Low,1,0,0.6931471805599453,0.04956415801612102,0.652713982695213,1,0
MN0901,Morningside Heights,Manhattan,22.18,38,10.0,34,18.8,40,-132096.4368,5.8745,7,4,3,6,1,MN09,17406.0,0.0,0.3155996393146979,0,1,High,1,1,2.0794415416798357,0.2742925611724186,0.641925195708901,0,1
QN0707,Flushing-Willets Point,Queens,15.96,88,6.67,118,36.52,2,365502.9772,5.8683,1,1,0,1,0,QN07,0.0,0.0,0.06265664160401002,0,0,Low,0,0,0.6931471805599453,0.060772038342094305,0.6409790786040195,1,0
QN0103,Astoria (Central),Queens,11.65,150,6.82,114,16.1,77,589411.2964,5.8564,0,0,0,0,0,QN01,15455.0,0.0,0.0,0,0,Low,0,0,0.0,0.0,0.6391631441607787,1,0
QN0501,Maspeth,Queens,11.58,151,6.87,112,18.05,45,500753.8188,5.8532,0,0,0,0,0,QN05,6254.0,0.0,0.0,0,0,Low,0,0,0.0,0.0,0.6386748256550334,1,0
QN1401,Far Rockaway-Bayswater,Queens,16.15,84,9.85,37,15.24,91,-234290.8483,5.8437,8,7,2,7,1,QN14,4097.0,0.0,0.49535603715170284,0,1,High,1,1,2.1972245773362196,0.4023643304299162,0.6372251300911019,0,1
QN0805,Jamaica Hills-Briarwood,Queens,14.25,109,9.67,41,18.54,42,-42203.402,5.8399,0,0,0,0,0,QN08,7121.0,0.0,0.0,0,0,Low,0,0,0.0,0.0,0.6366452518655293,1,0
BX1002,Throgs Neck-Schuylerville,Bronx,15.43,96,7.13,101,9.27,186,954937.338,5.8195,1,1,0,0,1,BX10,13473.0,0.0,0.06480881399870382,0,0,Low,0,1,0.6931471805599453,0.06279526567410723,0.6335322213914025,1,0
BX0903,Castle Hill-Unionport,Bronx,23.77,33,8.71,63,15.51,85,358427.6011,5.8161,3,3,0,3,0,BX09,31536.0,1.0,0.12620950778291964,0,1,High,0,0,1.3862943611198906,0.11885757616015859,0.6330133829790479,0,1
BX1103,Pelham Gardens,Bronx,14.2,111,6.81,115,12.9,136,217002.497,5.7972,2,2,0,1,2,BX11,0.0,0.0,0.14084507042253522,0,1,High,0,1,1.0986122886681098,0.13176927763112334,0.6301292518044895,0,1
MN0903,Hamilton Heights-Sugar Hill,Manhattan,18.4,62,8.35,71,17.84,50,452959.8826,5.7956,4,4,0,4,1,MN09,17406.0,0.0,0.2173913043478261,0,1,High,0,1,1.6094379124341003,0.19671029424605424,0.6298850925516168,0,1
BK0504,Spring Creek-Starrett City,Brooklyn,22.38,37,8.13,76,8.26,191,917.4933,5.7885,3,3,1,2,1,BK05,12541.0,0.0,0.13404825737265416,0,1,High,1,1,1.3862943611198906,0.12579375940246243,0.6288016358669941,0,1
QN0104,Astoria (East)-Woodside (North),Queens,16.93,75,8.73,61,18.01,47,757885.3646,5.771,1,1,0,1,0,QN01,15455.0,0.0,0.05906674542232723,0,0,Low,0,0,0.6931471805599453,0.05738809147199757,0.6261311440386991,1,0
BK0204,Clinton Hill,Brooklyn,17.89,65,7.59,83,10.15,180,189677.3903,5.7684,2,2,0,1,1,BK02,1708.0,0.0,0.11179429849077696,0,0,Low,0,1,1.0986122886681098,0.10597519534525303,0.6257343852527811,1,0
MN0302,Lower East Side,Manhattan,23.39,34,5.32,158,12.56,140,280679.9482,5.768,6,6,0,5,1,MN03,4142.0,0.0,0.25651988029072254,0,1,High,0,1,1.9459101490553132,0.22834589983473833,0.6256733454395628,0,1
BK0701,Windsor Terrace-South Slope,Brooklyn,13.94,119,6.39,123,10.51,174,567706.2066,5.7483,0,0,0,0,0,BK07,8686.0,0.0,0.0,0,0,Low,0,0,0.0,0.0,0.622667134638568,1,0
BK1002,Dyker Heights,Brooklyn,19.65,53,6.72,116,20.72,28,871603.1507,5.7031,0,0,0,0,0,BK10,0.0,0.0,0.0,0,0,Low,0,0,0.0,0.0,0.6157696357449145,1,0
BK0203,Fort Greene,Brooklyn,17.39,71,8.24,75,10.59,173,32229.3141,5.7024,2,2,0,2,0,BK02,1708.0,0.0,0.11500862564692352,0,0,Low,0,0,1.0986122886681098,0.10886214088836878,0.6156628160717827,1,0
SI0203,Todt Hill-Emerson Hill-Lighthouse Hill-Manor Heights,Staten Island,23.78,32,5.52,145,10.84,169,577956.4114,5.6998,1,1,1,1,0,SI02,0.0,0.0,0.04205214465937763,0,0,Low,1,0,0.6931471805599453,0.04119198493836062,0.6152660572858647,1,0
BX0902,Soundview-Clason Point,Bronx,18.22,63,10.91,28,11.04,168,-42009.3546,5.6944,3,3,0,1,2,BX09,31536.0,1.0,0.16465422612513722,0,1,High,0,1,1.3862943611198906,0.15242424135402483,0.6144420198074194,0,1
BK1403,Midwood,Brooklyn,15.05,102,5.66,139,16.66,65,329602.3106,5.6832,0,0,0,0,0,BK14,2093.0,0.0,0.0,0,0,Low,0,0,0.0,0.0,0.6127329050373105,1,0
BX0703,Norwood,Bronx,18.75,61,10.0,33,23.44,22,-502278.5904,5.6821,3,3,0,2,2,BX07,11174.0,0.0,0.16,0,1,High,0,1,1.3862943611198906,0.14842000511827327,0.6125650455509607,0,1
QN1102,Bayside,Queens,12.79,133,4.4,179,13.86,112,735286.4874,5.6735,0,0,0,0,0,QN11,0.0,0.0,0.0,0,0,Low,0,0,0.0,0.0,0.6112526895667698,1,0
MN0502,Midtown-Times Square,Manhattan,33.46,4,5.77,136,15.68,84,549637.2908,5.6562,0,0,0,0,0,MN05,20347.0,1.0,0.0,0,0,Low,0,0,0.0,0.0,0.608612717645084,1,0
BK0101,Greenpoint,Brooklyn,12.63,137,7.35,91,12.39,147,656338.4355,5.6492,1,1,0,1,0,BK01,0.0,0.0,0.0791765637371338,0,0,Low,0,0,0.6931471805599453,0.0761983093460415,0.607544520913766,1,0
BK0503,East New York-New Lots,Brooklyn,19.51,55,12.36,18,13.23,129,-919757.0744,5.6278,6,5,1,3,3,BK05,12541.0,0.0,0.30753459764223473,0,1,High,1,1,1.9459101490553132,0.26814337751870015,0.6042788909065937,0,1
MN0402,Hell's Kitchen,Manhattan,12.22,142,6.36,127,14.75,100,345671.5112,5.6172,5,4,1,4,2,MN04,8755.0,0.0,0.40916530278232405,0,1,High,1,1,1.791759469228055,0.34299754525613546,0.6026613358563123,0,1
QN0302,East Elmhurst,Queens,18.87,59,7.17,97,23.64,21,-86169.6618,5.5918,4,3,1,2,2,QN03,19799.0,1.0,0.21197668256491783,0,1,High,1,1,1.6094379124341003,0.1922526486542309,0.5987853077169584,0,1
QN1301,Glen Oaks-Floral Park-New Hyde Park,Queens,31.09,9,4.19,183,13.63,118,1188617.8994,5.5913,0,0,0,0,0,QN13,20124.0,1.0,0.0,0,0,Low,0,0,0.0,0.0,0.5987090079504357,1,0
BK0602,Park Slope,Brooklyn,9.43,176,5.62,142,9.87,181,461116.7487,5.5821,3,3,0,1,2,BK06,13375.0,0.0,0.3181336161187699,0,1,High,0,1,1.3862943611198906,0.27621680887725364,0.5973050922464176,0,1
BK0601,Carroll Gardens-Cobble Hill-Gowanus-Red Hook,Brooklyn,16.86,76,7.17,99,10.65,172,172490.3731,5.5743,6,5,1,5,3,BK06,13375.0,0.0,0.35587188612099646,0,1,High,1,1,1.9459101490553132,0.30444470579295524,0.5961148158886633,0,1
QN1302,Bellerose,Queens,11.3,156,5.58,143,16.36,70,471326.9946,5.5665,0,0,0,0,0,QN13,20124.0,1.0,0.0,0,0,Low,0,0,0.0,0.0,0.594924539530909,1,0
QN0702,Whitestone-Beechhurst,Queens,11.2,157,8.67,65,11.95,155,542804.1934,5.5648,0,0,0,0,0,QN07,0.0,0.0,0.0,0,0,Low,0,0,0.0,0.0,0.5946651203247317,1,0
BX1003,Pelham Bay-Country Club-City Island,Bronx,12.57,138,8.72,62,12.48,142,553185.0995,5.5636,0,0,0,0,0,BX10,13473.0,0.0,0.0,0,0,Low,0,0,0.0,0.0,0.5944820008850773,1,0
BK0301,Bedford-Stuyvesant (West),Brooklyn,15.52,95,7.77,81,10.28,176,-463783.509,5.5632,16,12,4,12,7,BK03,10401.0,0.0,1.0309278350515465,0,1,High,1,1,2.833213344056216,0.7084927502346058,0.594420961071859,0,1
SI0105,Westerleigh-Castleton Corners,Staten Island,10.72,165,4.27,182,9.16,188,523984.8812,5.5399,0,0,0,0,0,SI01,6486.0,0.0,0.0,0,0,Low,0,0,0.0,0.0,0.5908653919519006,1,0
SI0107,Mariner's Harbor-Arlington-Graniteville,Staten Island,11.05,158,7.0,107,13.44,120,397831.7666,5.5337,1,1,0,1,0,SI01,6486.0,0.0,0.09049773755656108,0,0,Low,0,0,0.6931471805599453,0.08663423197290218,0.5899192748470189,1,0
BK0703,Sunset Park (Central),Brooklyn,13.28,129,7.17,98,33.29,3,253310.0107,5.5144,3,2,1,3,0,BK07,8686.0,0.0,0.22590361445783133,0,1,High,1,0,1.3862943611198906,0.20367821652610646,0.5869741038592422,0,1
QN1003,Howard Beach-Lindenwood,Queens,12.25,141,8.25,74,7.59,195,541093.5056,5.5142,1,1,0,1,0,QN10,0.0,0.0,0.08163265306122448,0,0,Low,0,0,0.6931471805599453,0.07847161544149522,0.586943583952633,1,0
MN0702,Upper West Side (Central),Manhattan,12.12,144,4.42,178,13.25,127,307081.4724,5.502,5,2,3,3,3,MN07,13815.0,0.0,0.4125412541254126,0,1,High,1,1,1.791759469228055,0.34539039007242767,0.5850818696494788,0,1
MN0603,Murray Hill-Kips Bay,Manhattan,10.91,163,3.26,191,14.47,103,624966.4639,5.4956,2,1,1,2,1,MN06,7178.0,0.0,0.18331805682859761,0,1,High,1,1,1.0986122886681098,0.16832240501357168,0.584105232637988,0,1
SI0202,New Dorp-Midland Beach,Staten Island,8.45,184,5.46,150,16.05,79,385255.7874,5.4782,1,1,0,1,0,SI02,0.0,0.0,0.1183431952662722,0,0,Low,0,0,0.6931471805599453,0.11184830013656892,0.5814500007629977,1,0
QN1306,Springfield Gardens (South)-Brookville,Queens,9.02,179,8.56,67,12.38,149,-270719.192,5.4778,0,0,0,0,0,QN13,20124.0,1.0,0.0,0,0,Low,0,0,0.0,0.0,0.5813889609497794,1,0
SI0201,Grasmere-Arrochar-South Beach-Dongan Hills,Staten Island,11.69,149,5.08,164,11.58,160,433547.2787,5.4764,1,1,0,1,0,SI02,0.0,0.0,0.0855431993156544,0,0,Low,0,0,0.6931471805599453,0.08208050624231925,0.5811753216035158,1,0
QN0706,Queensboro Hill,Queens,30.92,10,5.16,161,28.48,9,905811.3374,5.4726,0,0,0,0,0,QN07,0.0,0.0,0.0,0,0,Low,0,0,0.0,0.0,0.5805954433779432,1,0
SI0301,Oakwood-Richmondtown,Staten Island,9.54,174,6.19,132,9.12,189,254079.996,5.4428,0,0,0,0,0,SI03,0.0,0.0,0.0,0,0,Low,0,0,0.0,0.0,0.5760479772931895,1,0
BX1102,Morris Park,Bronx,26.96,18,8.12,77,15.68,83,397713.7853,5.4158,0,0,0,0,0,BX11,0.0,0.0,0.0,0,0,Low,0,0,0.0,0.0,0.5719277899009628,1,0
MN0201,SoHo-Little Italy-Hudson Square,Manhattan,15.79,92,3.45,188,13.18,131,312580.3452,5.4122,2,1,1,2,0,MN02,0.0,0.0,0.1266624445851805,0,1,High,1,0,1.0986122886681098,0.11925967341019306,0.5713784315819994,0,1
QN0303,North Corona,Queens,13.77,122,3.18,192,39.69,1,116976.1498,5.4091,5,4,1,3,2,QN03,19799.0,1.0,0.36310820624546114,0,1,High,1,1,1.791759469228055,0.309767537857854,0.5709053730295585,0,1
QN1403,Breezy Point-Belle Harbor-Rockaway Park-Broad Channel,Queens,17.97,64,6.33,128,8.26,192,300542.801,5.4042,0,0,0,0,0,QN14,4097.0,0.0,0.0,0,0,Low,0,0,0.0,0.0,0.570157635317636,1,0
BK1303,Brighton Beach,Brooklyn,10.17,168,4.36,181,26.2,13,82148.9063,5.3905,4,3,2,4,0,BK13,10211.0,0.0,0.39331366764995085,0,1,High,1,0,1.6094379124341003,0.3316848436421205,0.5680670217149135,0,1
QN1101,Auburndale,Queens,13.4,128,5.33,157,18.09,44,765552.4973,5.3761,0,0,0,0,0,QN11,0.0,0.0,0.0,0,0,Low,0,0,0.0,0.0,0.5658695884390593,1,0
BX1004,Co-op City,Bronx,11.79,148,8.51,68,9.17,187,353584.608,5.3524,2,2,0,2,0,BX10,13473.0,0.0,0.16963528413910095,0,1,High,0,0,1.0986122886681098,0.1566919772559309,0.5622529795058827,0,1
BK1102,Bath Beach,Brooklyn,16.82,77,5.47,148,20.36,31,626488.4884,5.3498,0,0,0,0,0,BK11,0.0,0.0,0.0,0,0,Low,0,0,0.0,0.0,0.5618562207199645,1,0
MN0102,Tribeca-Civic Center,Manhattan,11.87,146,2.98,194,11.19,164,295337.4346,5.3445,0,0,0,0,0,MN01,0.0,0.0,0.0,0,0,Low,0,0,0.0,0.0,0.5610474431948238,1,0
BX0201,Hunts Point,Bronx,26.58,20,14.08,10,16.45,68,-883051.0028,5.3225,2,2,0,1,1,BX02,20047.0,1.0,0.07524454477050414,0,0,Low,0,1,1.0986122886681098,0.07254811921662208,0.5576902534678243,1,0
MN0303,East Village,Manhattan,15.86,90,5.34,156,11.74,159,188107.9845,5.3079,7,5,3,6,1,MN03,4142.0,0.0,0.44136191677175285,0,1,High,1,1,2.0794415416798357,0.36558844215996267,0.5554623002853611,0,1
QN1002,Ozone Park,Queens,27.15,16,6.47,121,14.31,104,552004.1179,5.2864,1,1,0,1,0,QN10,0.0,0.0,0.03683241252302026,0,0,Low,0,0,0.6931471805599453,0.036170308205754946,0.5521814103248844,1,0
QN0601,Rego Park,Queens,17.24,73,5.48,147,20.39,30,607574.3122,5.2516,0,0,0,0,0,QN06,231.0,0.0,0.0,0,0,Low,0,0,0.0,0.0,0.5468709465749034,1,0
MN0202,Greenwich Village,Manhattan,11.98,145,5.65,140,11.16,165,354246.2357,5.2454,1,1,0,0,1,MN02,0.0,0.0,0.08347245409015025,0,0,Low,0,1,0.6931471805599453,0.08017111858864065,0.5459248294700217,1,0
QN1402,Rockaway Beach-Arverne-Edgemere,Queens,14.22,110,8.26,73,11.79,158,-98644.2063,5.2339,2,2,0,2,0,QN14,4097.0,0.0,0.14064697609001406,0,1,High,0,0,1.0986122886681098,0.13159562431217203,0.5441699348399994,0,1
SI0103,Rosebank-Shore Acres-Park Hill,Staten Island,8.08,187,7.9,80,12.44,145,-220501.2981,5.2165,0,0,0,0,0,SI01,6486.0,0.0,0.0,0,0,Low,0,0,0.0,0.0,0.5415147029650089,1,0
QN0705,East Flushing,Queens,20.7,45,7.36,90,29.6,7,274269.3115,5.2114,1,1,0,1,0,QN07,0.0,0.0,0.04830917874396135,0,0,Low,0,0,0.6931471805599453,0.04717856027509048,0.5407364453464772,1,0
MN0501,Midtown South-Flatiron-Union Square,Manhattan,15.55,93,5.07,166,13.41,121,105808.4448,5.1866,2,1,1,1,1,MN05,20347.0,1.0,0.12861736334405144,0,1,High,1,1,1.0986122886681098,0.12099331128663167,0.5369519769269506,0,1
QN0202,Sunnyside,Queens,16.36,82,6.52,120,25.55,14,-505568.1104,5.1813,3,3,0,2,2,QN02,6986.0,0.0,0.18337408312958436,0,1,High,0,1,1.3862943611198906,0.16836975067382998,0.5361431994018099,0,1
MN0801,Upper East Side-Lenox Hill-Roosevelt Island,Manhattan,9.01,180,3.67,187,16.8,62,621584.8186,5.1726,2,1,1,2,0,MN08,0.0,0.0,0.22197558268590456,0,1,High,1,0,1.0986122886681098,0.20046887911434205,0.5348155834643146,0,1
QN0503,Glendale,Queens,17.72,67,4.88,171,14.81,99,79226.3245,5.1623,0,0,0,0,0,QN05,6254.0,0.0,0.0,0,0,Low,0,0,0.0,0.0,0.5332438082739467,1,0
MN0803,Upper East Side-Yorkville,Manhattan,10.16,169,5.2,160,11.88,157,487634.8317,5.1603,3,2,1,3,0,MN08,0.0,0.0,0.2952755905511811,0,1,High,1,0,1.3862943611198906,0.2587234837468353,0.5329386092078559,0,1
QN0201,Long Island City-Hunters Point,Queens,11.46,153,5.53,144,20.54,29,-277593.3785,5.1386,0,0,0,0,0,QN02,6986.0,0.0,0.0,0,0,Low,0,0,0.0,0.0,0.5296271993407701,1,0
BK1502,Madison,Brooklyn,14.06,114,5.35,154,16.27,74,422269.3673,5.1318,1,1,0,1,0,BK15,7847.0,0.0,0.07112375533428164,0,0,Low,0,0,0.6931471805599453,0.06870833598922867,0.5285895225160611,1,0
MN0802,Upper East Side-Carnegie Hill,Manhattan,17.81,66,5.11,163,11.06,167,520883.1931,5.1288,1,0,1,0,1,MN08,0.0,0.0,0.05614823133071309,0,0,Low,1,1,0.6931471805599453,0.05462854601136874,0.5281317239169248,1,0
MN0203,West Village,Manhattan,11.54,152,7.27,93,10.26,177,253349.6214,5.1129,4,2,2,3,1,MN02,0.0,0.0,0.3466204506065858,0,1,High,1,1,1.6094379124341003,0.2975980838595479,0.5257053913415024,0,1
QN0802,Pomonok-Electchester-Hillcrest,Queens,10.66,166,8.73,60,13.8,116,37786.5637,5.1118,0,0,0,0,0,QN08,7121.0,0.0,0.0,0,0,Low,0,0,0.0,0.0,0.5255375318551524,1,0
QN0703,Bay Terrace-Clearview,Queens,9.97,170,5.93,135,10.29,175,381067.5249,5.0869,0,0,0,0,0,QN07,0.0,0.0,0.0,0,0,Low,0,0,0.0,0.0,0.5217378034823213,1,0
BX1001,Westchester Square,Bronx,24.31,26,7.08,104,17.98,48,-280008.9768,5.0758,1,1,0,1,0,BX10,13473.0,0.0,0.04113533525298231,0,0,Low,0,0,0.6931471805599453,0.04031178622900069,0.5200439486655171,1,0
BK0402,Bushwick (East),Brooklyn,15.23,98,7.57,84,13.92,111,-831492.9453,5.0732,7,6,1,5,2,BK04,19515.0,1.0,0.45961917268548913,0,1,High,1,1,2.0794415416798357,0.3781755610690347,0.5196471898795989,0,1
BK0802,Crown Heights (North),Brooklyn,15.21,99,8.66,66,11.42,161,-1060374.8421,5.0635,9,7,2,6,3,BK08,9539.0,0.0,0.5917159763313609,0,1,High,1,1,2.302585092994046,0.4648126646787656,0.5181669744090583,0,1
SI0302,Great Kills-Eltingville,Staten Island,8.01,188,5.27,159,7.63,194,404970.069,5.023,1,1,0,1,0,SI03,0.0,0.0,0.12484394506866417,0,1,High,0,0,0.6931471805599453,0.11764431053997869,0.5119866933207183,0,1
SI0101,St. George-New Brighton,Staten Island,7.53,190,8.68,64,12.47,143,-309762.2068,4.9998,2,2,0,2,0,SI01,6486.0,0.0,0.2656042496679947,0,1,High,0,0,1.0986122886681098,0.23554967585430853,0.5084463841540644,0,1
QN1203,Baisley Park,Queens,8.62,183,9.75,40,14.9,96,-1116687.2877,4.9812,5,5,0,4,1,QN12,38340.0,1.0,0.580046403712297,0,1,High,0,1,1.791759469228055,0.4574542160457646,0.5056080328394196,0,1
QN0803,Fresh Meadows-Utopia,Queens,13.84,121,4.01,185,15.76,82,508143.2153,4.9786,0,0,0,0,0,QN08,7121.0,0.0,0.0,0,0,Low,0,0,0.0,0.0,0.5052112740535014,1,0
QN0904,Ozone Park (North),Queens,28.32,15,7.47,87,19.73,33,29508.4904,4.9605,1,1,0,0,1,QN09,0.0,0.0,0.03531073446327684,0,0,Low,0,1,0.6931471805599453,0.034701608192931735,0.502449222505379,1,0
SI0304,Annadale-Huguenot-Prince's Bay-Woodrow,Staten Island,9.82,171,3.4,189,7.49,196,553347.696,4.9554,1,1,1,1,0,SI03,0.0,0.0,0.10183299389002036,0,0,Low,1,0,0.6931471805599453,0.09697515105196093,0.5016709648868474,1,0
QN0102,Old Astoria-Hallets Point,Queens,19.82,51,7.35,92,18.16,43,59285.6616,4.9508,1,1,0,1,1,QN01,15455.0,0.0,0.050454086781029264,0,0,Low,0,1,0.6931471805599453,0.04922253428498089,0.5009690070348385,1,0
QN1104,Oakland Gardens-Hollis Hills,Queens,9.76,173,4.44,177,13.3,124,426721.4878,4.949,0,0,0,0,0,QN11,0.0,0.0,0.0,0,0,Low,0,0,0.0,0.0,0.5006943278753566,1,0
MN0604,East Midtown-Turtle Bay,Manhattan,8.11,186,4.6,175,13.24,128,388221.0416,4.947,3,1,2,2,2,MN06,7178.0,0.0,0.36991368680641185,0,1,High,1,1,1.3862943611198906,0.3147477355242171,0.5003891288092658,0,1
QN1103,Douglaston-Little Neck,Queens,10.78,164,5.74,137,12.0,153,258347.5935,4.9457,1,1,1,1,0,QN11,0.0,0.0,0.0927643784786642,0,0,Low,1,0,0.6931471805599453,0.08871061274258955,0.5001907494163068,1,0
BK0801,Prospect Heights,Brooklyn,11.32,155,4.84,172,9.38,185,89800.7604,4.9265,1,1,0,1,0,BK08,9539.0,0.0,0.08833922261484099,0,0,Low,0,0,0.6931471805599453,0.08465288533033685,0.4972608383818345,1,0
MN0601,Stuyvesant Town-Peter Cooper Village,Manhattan,14.97,104,2.6,196,13.1,133,323939.5496,4.9155,0,0,0,0,0,MN06,7178.0,0.0,0.0,0,0,Low,0,0,0.0,0.0,0.49558224351833474,1,0
MN0401,Chelsea-Hudson Yards,Manhattan,12.74,135,4.38,180,12.19,150,-251103.7907,4.9151,4,3,1,3,1,MN04,8755.0,0.0,0.3139717425431711,0,1,High,1,1,1.6094379124341003,0.27305441491731197,0.4955212037051166,0,1
BK1401,Flatbush,Brooklyn,8.23,185,5.07,165,16.58,66,-715826.7657,4.9111,6,6,0,6,0,BK14,2093.0,0.0,0.7290400972053462,0,1,High,0,0,1.9459101490553132,0.5475663974127826,0.49491080557293493,0,1
SI0104,West New Brighton-Silver Lake-Grymes Hill,Staten Island,13.5,126,4.51,176,10.23,178,-20428.5443,4.8789,1,1,0,0,1,SI01,6486.0,0.0,0.07407407407407407,0,0,Low,0,1,0.6931471805599453,0.07145896398214495,0.4899971006088721,1,0
BK1802,Marine Park-Mill Basin-Bergen Beach,Brooklyn,10.54,167,3.36,190,11.15,166,-152372.5432,4.8773,1,1,1,1,1,BK18,22053.0,1.0,0.09487666034155598,0,0,Low,1,1,0.6931471805599453,0.09064171796673724,0.4897529413559994,1,0
SI0303,Arden Heights-Rossville,Staten Island,6.0,194,4.7,173,8.43,190,307646.0685,4.873,0,0,0,0,0,SI03,0.0,0.0,0.0,0,0,Low,0,0,0.0,0.0,0.4890967633639041,1,0
MN0602,Gramercy,Manhattan,11.02,159,2.99,193,9.65,184,266392.705,4.8702,0,0,0,0,0,MN06,7178.0,0.0,0.0,0,0,Low,0,0,0.0,0.0,0.48866948467137683,1,0
BK0902,Prospect Lefferts Gardens-Wingate,Brooklyn,12.17,143,6.29,129,12.85,137,-848516.8806,4.8643,3,3,0,2,1,BK09,8934.0,0.0,0.2465078060805259,0,1,High,0,1,1.3862943611198906,0.22034588636100508,0.48776914742640887,0,1
QN1307,Rosedale,Queens,5.49,195,7.44,89,13.08,134,-52191.3035,4.8629,2,2,0,1,1,QN13,20124.0,1.0,0.36429872495446264,0,1,High,0,1,1.0986122886681098,0.3106405420076888,0.4875555080801452,0,1
BK0901,Crown Heights (South),Brooklyn,14.14,112,8.97,53,14.85,98,-427945.4578,4.8538,6,6,3,6,1,BK09,8934.0,0.0,0.4243281471004243,0,1,High,1,1,1.9459101490553132,0.35370022682198954,0.4861668523294318,0,1
BK1704,East Flatbush-Remsen Village,Brooklyn,14.46,108,11.02,27,16.81,61,-1435302.713,4.8112,7,6,1,0,7,BK17,33239.0,1.0,0.4840940525587828,0,1,High,1,1,2.0794415416798357,0.39480452047193376,0.47966611222169664,0,1
BK1701,East Flatbush-Erasmus,Brooklyn,11.82,147,7.13,102,16.35,72,-1005067.2496,4.7739,6,6,0,5,1,BK17,33239.0,1.0,0.5076142131979695,0,1,High,0,1,1.9459101490553132,0.4105284100647111,0.4739741496391021,0,1
QN0905,Woodhaven,Queens,12.71,136,7.02,106,19.82,32,-453921.8731,4.7738,0,0,0,0,0,QN09,0.0,0.0,0.0,0,0,Low,0,0,0.0,0.0,0.47395888968579747,1,0
QN0903,South Richmond Hill,Queens,13.99,117,7.99,78,25.11,15,-505298.1104,4.7725,1,1,0,0,1,QN09,0.0,0.0,0.07147962830593281,0,0,Low,0,1,0.6931471805599453,0.06904052343711653,0.47376051029283844,1,0
BK1702,East Flatbush-Farragut,Brooklyn,9.51,175,8.74,59,16.94,60,-1214653.8267,4.7717,5,5,0,5,0,BK17,33239.0,1.0,0.5257623554153523,0,1,High,0,0,1.791759469228055,0.4224941903387976,0.47363843066640215,0,1
BK1203,Kensington,Brooklyn,12.78,134,5.67,138,14.23,108,-109831.4229,4.7631,2,2,0,2,1,BK12,3322.0,0.0,0.1564945226917058,0,1,High,0,1,1.0986122886681098,0.14539346657066698,0.4723260746822114,0,1
QN0602,Forest Hills,Queens,10.97,162,4.61,174,16.51,67,-110801.2981,4.7528,5,4,4,4,3,QN06,231.0,0.0,0.45578851412944393,0,1,High,1,1,1.791759469228055,0.37554768793978216,0.4707542994918435,0,1
SI0305,Tottenville-Charleston,Staten Island,14.6,106,1.38,197,7.04,197,362588.991,4.7246,0,0,0,0,0,SI03,0.0,0.0,0.0,0,0,Low,0,0,0.0,0.0,0.46645099265996237,1,0
BK0201,Brooklyn Heights,Brooklyn,8.96,181,3.77,186,9.8,182,220711.6,4.6922,0,0,0,0,0,BK02,1708.0,0.0,0.0,0,0,Low,0,0,0.0,0.0,0.4615067677892905,1,0
BK1402,Flatbush (West)-Ditmas Park-Parkville,Brooklyn,16.81,78,6.91,111,16.13,76,-858689.7245,4.6868,5,5,0,4,1,BK14,2093.0,0.0,0.29744199881023203,0,1,High,0,1,1.791759469228055,0.26039463279301345,0.46068273031084517,0,1
QN0901,Kew Gardens,Queens,13.57,125,5.45,151,13.27,126,-90179.3138,4.6179,1,1,1,0,1,QN09,0.0,0.0,0.07369196757553427,0,0,Low,1,1,0.6931471805599453,0.0711031463603357,0.4501686224840151,1,0
BX0202,Longwood,Bronx,20.97,43,17.0,1,15.06,93,-1900388.3471,4.6066,6,4,2,5,1,BX02,20047.0,1.0,0.2861230329041488,0,1,High,1,1,1.9459101490553132,0.25163229223781003,0.4484442477606019,0,1
MN1203,Inwood,Manhattan,14.99,103,8.34,72,17.05,59,-930280.2196,4.5837,5,4,1,3,3,MN12,0.0,0.0,0.333555703802535,0,1,High,1,1,1.791759469228055,0.28784883639780234,0.44494971845386155,0,1
BK0505,East New York-City Line,Brooklyn,15.16,100,6.43,122,13.28,125,-1250389.7944,4.5734,1,1,0,1,0,BK05,12541.0,0.0,0.06596306068601583,0,0,Low,0,0,0.6931471805599453,0.06387867287872372,0.4433779432634936,1,0
BK0202,Downtown Brooklyn-DUMBO-Boerum Hill,Brooklyn,13.93,120,6.26,131,14.49,102,-290621.2545,4.5585,3,2,1,2,1,BK02,1708.0,0.0,0.21536252692031588,0,1,High,1,1,1.3862943611198906,0.19504240835332962,0.44110421022111673,0,1
SI0106,Port Richmond,Staten Island,13.49,127,8.91,56,15.32,87,-858562.3008,4.5446,2,2,0,0,1,SI01,6486.0,0.0,0.14825796886582654,0,1,High,0,1,1.0986122886681098,0.13824598420911274,0.4389830767117852,0,1
BK1301,Gravesend (South),Brooklyn,24.25,29,9.06,50,17.83,51,-820212.2393,4.4826,1,1,0,1,1,BK13,10211.0,0.0,0.041237113402061855,0,0,Low,0,1,0.6931471805599453,0.04040953833787663,0.4295219056629686,1,0
MN0101,Financial District-Battery Park City,Manhattan,10.99,160,2.96,195,10.68,171,72142.5598,4.482,0,0,0,0,0,MN01,0.0,0.0,0.0,0,0,Low,0,0,0.0,0.0,0.4294303459431414,1,0
QN1204,Springfield Gardens (North)-Rochdale Village,Queens,7.03,193,6.93,109,9.7,183,-1249890.6689,4.4723,3,3,0,1,2,QN12,38340.0,1.0,0.4267425320056899,0,1,High,0,1,1.3862943611198906,0.35539389615127065,0.42795013047260066,0,1
BK0502,East New York (North),Brooklyn,15.79,91,9.91,35,13.82,114,-1871331.6074,4.3831,12,10,2,9,3,BK05,12541.0,0.0,0.759974667511083,0,1,High,1,1,2.5649493574615367,0.5652994154868617,0.41433825212494846,0,1
BX0102,Melrose,Bronx,22.73,35,11.32,25,13.81,115,-2061895.0682,4.3791,7,6,1,6,2,BX01,28947.0,1.0,0.3079630444346678,0,1,High,1,1,2.0794415416798357,0.26847099914555445,0.4137278539927668,0,1
BK1703,East Flatbush-Rugby,Brooklyn,9.79,172,7.21,96,16.35,71,-1571148.5208,4.3175,8,5,3,7,1,BK17,33239.0,1.0,0.8171603677221655,0,1,High,1,1,2.1972245773362196,0.5972750451353248,0.40432772275716833,0,1
QN0801,Kew Gardens Hills,Queens,14.01,116,6.38,125,14.93,95,-564871.9309,4.3161,3,3,2,3,0,QN08,7121.0,0.0,0.21413276231263384,0,1,High,1,0,1.3862943611198906,0.19403004605885477,0.40411408341090466,0,1
BK0501,Cypress Hills,Brooklyn,14.02,115,5.46,149,17.36,56,-1462795.6837,4.2373,3,3,0,3,0,BK05,12541.0,0.0,0.21398002853067047,0,1,High,0,0,1.3862943611198906,0.19390424153878405,0.392089240206925,0,1
QN1206,Hollis,Queens,9.24,177,8.41,70,15.32,88,-1405339.3898,4.0187,5,5,0,2,3,QN12,38340.0,1.0,0.5411255411255411,0,1,High,0,1,1.791759469228055,0.4325130203302369,0.35873098228319417,0,1
QN0203,Woodside,Queens,14.78,105,4.95,169,33.14,4,-923457.0098,4.0001,2,2,0,2,0,QN02,6986.0,0.0,0.13531799729364005,0,1,High,0,0,1.0986122886681098,0.1269127855190044,0.3558926309685492,0,1
BX0301,Morrisania,Bronx,29.56,13,15.62,4,13.36,123,-2560586.0877,3.9964,7,5,2,5,3,BX03,30888.0,1.0,0.2368064952638701,0,1,High,1,1,2.0794415416798357,0.21253265050594825,0.3553280126962811,0,1
QN0504,Middle Village,Queens,11.42,154,4.12,184,14.87,97,-684793.762,3.9625,1,1,0,1,1,QN05,6254.0,0.0,0.08756567425569177,0,0,Low,0,1,0.6931471805599453,0.08394187227746855,0.3501548885260411,1,0
QN1201,Jamaica,Queens,13.23,130,9.36,43,23.81,20,-2384216.4403,3.9281,12,10,2,10,3,QN12,38340.0,1.0,0.9070294784580498,0,1,High,1,1,2.5649493574615367,0.645546784526102,0.34490546458927834,0,1
QN1304,Cambria Heights,Queens,3.41,196,5.42,153,12.15,151,-882718.7291,3.9054,1,1,0,0,1,QN13,20124.0,1.0,0.29325513196480935,0,1,High,0,1,0.6931471805599453,0.2571623981633292,0.34144145518914715,0,1
MN1001,Harlem (South),Manhattan,15.12,101,6.92,110,11.88,156,-1608497.9919,3.8079,6,4,2,5,2,MN10,14724.0,0.0,0.39682539682539686,0,1,High,1,1,1.9459101490553132,0.3342020880866738,0.3265630007172178,0,1
QN1303,Queens Village,Queens,9.2,178,9.17,45,15.5,86,-1891016.6741,3.7446,5,5,0,4,1,QN13,20124.0,1.0,0.5434782608695653,0,1,High,0,1,1.791759469228055,0.4340384805522205,0.31690345027544214,0,1
BK1601,Ocean Hill,Brooklyn,16.73,79,7.99,79,12.39,148,-2598736.7898,3.5362,7,5,2,4,3,BK16,57721.0,1.0,0.41841004184100417,0,1,High,1,1,2.0794415416798357,0.3495365554489396,0.2851017075887748,0,1
QN1305,Laurelton,Queens,2.92,197,5.04,167,11.34,163,-1331391.6492,3.4683,6,6,0,2,4,QN13,20124.0,1.0,2.0547945205479454,0,1,High,0,1,1.9459101490553132,1.1167123303117277,0.27474019929499016,0,1
SI0102,Tompkinsville-Stapleton-Clifton-Fox Hills,Staten Island,8.85,182,6.87,113,14.29,105,-1977610.2306,3.3294,10,6,4,8,4,SI01,6486.0,0.0,1.1299435028248588,0,1,High,1,1,2.3978952727983707,0.7560954548741816,0.25354412415498007,0,1
BK0302,Bedford-Stuyvesant (East),Brooklyn,17.27,72,9.12,48,10.19,179,-3265226.3004,3.2973,8,6,2,5,3,BK03,10401.0,0.0,0.46323103647944414,0,1,High,1,1,2.1972245773362196,0.3806470292415156,0.24864567914422178,0,1
QN1202,South Jamaica,Queens,13.66,123,15.62,3,16.73,63,-3923144.6392,3.1957,8,6,2,7,1,QN12,38340.0,1.0,0.5856515373352855,0,1,High,1,1,2.1972245773362196,0.4609953874302006,0.23314156658680624,0,1
BK1801,Flatlands,Brooklyn,7.72,189,7.44,88,13.18,130,-3444044.3797,2.4925,8,8,2,4,4,BK18,22053.0,1.0,1.0362694300518136,0,1,High,1,1,2.1972245773362196,0.7111194229643758,0.12583357494926067,0,1
QN1205,St. Albans,Queens,7.53,191,5.34,155,11.99,154,-3121732.8749,2.3549,9,9,0,7,4,QN12,38340.0,1.0,1.1952191235059761,0,1,High,0,1,2.302585092994046,0.7862818700211306,0.10483587920220967,0,1
QN0105,Queensbridge-Ravenswood-Dutch Kills,Queens,18.81,60,7.24,94,17.41,55,-3790742.5204,2.2455,4,4,0,4,2,QN01,15455.0,0.0,0.21265284423179162,0,1,High,0,1,1.6094379124341003,0.19281039298335767,0.0881414902870397,0,1
BK1803,Canarsie,Brooklyn,7.51,192,7.03,105,13.4,122,-4606011.5076,1.9331,5,5,1,2,4,BK18,22053.0,1.0,0.6657789613848203,0,1,High,1,1,1.791759469228055,0.5102928587027764,0.04046939616364775,0,1
QN0902,Richmond Hill,Queens,13.6,124,6.53,119,19.58,35,-3674853.8866,1.6679,4,4,0,3,2,QN09,0.0,0.0,0.29411764705882354,0,1,High,0,1,1.6094379124341003,0.2578291093020998,0.0,0,1
